stock_code;description;elasticite;p_value;segment
10125;MINI FUNKY DESIGN TAPES;-3,049;0,0940;Elastic (effective promotion)
10133;COLOURING PENCILS BROWN TUBE;-5,203;0,0034;Elastic (effective promotion)
10135;COLOURING PENCILS BROWN TUBE;-0,349;0,6384;Inelastic (risky promotion)
11001;ASSTD DESIGN RACING CAR PEN;-2,293;0,1382;Elastic (effective promotion)
15036;ASSORTED COLOURS SILK FAN;-2,717;0,1800;Elastic (effective promotion)
15056BL;EDWARDIAN PARASOL BLACK;-0,248;0,8900;Inelastic (risky promotion)
15056N;EDWARDIAN PARASOL NATURAL;-0,282;0,8670;Inelastic (risky promotion)
15056P;EDWARDIAN PARASOL PINK;-3,881;0,0708;Elastic (effective promotion)
15058B;PINK POLKADOT GARDEN PARASOL;-1,339;0,2041;Elastic (effective promotion)
16216;LETTER SHAPE PENCIL SHARPENER;-2,190;0,0142;Elastic (effective promotion)
16218;CARTOON  PENCIL SHARPENERS;-1,813;0,0008;Elastic (effective promotion)
16219;HOUSE SHAPE PENCIL SHARPENER;-1,863;0,0177;Elastic (effective promotion)
16225;RATTLE SNAKE EGGS;-1,053;0,1149;Elastic (effective promotion)
17003;BROCADE RING PURSE;-4,074;0,0141;Elastic (effective promotion)
17012A;ORIGAMI VANILLA INCENSE/CANDLE SET;-0,689;0,4523;Inelastic (risky promotion)
17012B;ORIGAMI JASMINE INCENSE/CANDLE SET;-0,507;0,6058;Inelastic (risky promotion)
17012C;ORIGAMI LAVENDER INCENSE/CANDL SET;-0,657;0,5274;Inelastic (risky promotion)
17012F;ORIGAMI SANDLEWOOD INCENSE/CAND SET;-0,658;0,5488;Inelastic (risky promotion)
17091J;VANILLA INCENSE IN TIN;-3,187;0,0260;Elastic (effective promotion)
20615;BLUE POLKADOT PASSPORT COVER;-1,013;0,1440;Elastic (effective promotion)
20616;CHERRY BLOSSOM PASSPORT COVER;-1,824;0,0225;Elastic (effective promotion)
20617;FIRST CLASS PASSPORT COVER;-0,371;0,6191;Inelastic (risky promotion)
20618;QUEEN OF THE SKIES PASSPORT COVER;-2,287;0,0652;Elastic (effective promotion)
20619;TROPICAL PASSPORT COVER;-1,649;0,1358;Elastic (effective promotion)
20622;VIPPASSPORT COVER;-1,389;0,1641;Elastic (effective promotion)
20652;BLUE POLKADOT LUGGAGE TAG;-1,377;0,3640;Elastic (effective promotion)
20653;CHERRY BLOSSOM LUGGAGE TAG;-1,169;0,2565;Elastic (effective promotion)
20654;FIRST CLASS LUGGAGE TAG;0,236;0,8340;Atypical (positive elasticity)
20655;QUEEN OF SKIES LUGGAGE TAG;-0,726;0,5190;Inelastic (risky promotion)
20659;ECONOMY LUGGAGE TAG;-0,908;0,5457;Inelastic (risky promotion)
20665;RED RETROSPOT PURSE;-0,301;0,8660;Inelastic (risky promotion)
20675;BLUE POLKADOT BOWL;-4,654;0,2354;Elastic (effective promotion)
20676;RED RETROSPOT BOWL;-4,822;0,0514;Elastic (effective promotion)
20677;PINK POLKADOT BOWL;-3,700;0,2147;Elastic (effective promotion)
20679;EDWARDIAN PARASOL RED;-2,570;0,2865;Elastic (effective promotion)
20685;DOORMAT RED RETROSPOT;-3,124;0,0056;Elastic (effective promotion)
20696;FLORAL SOFT CAR TOY;-1,049;0,3733;Elastic (effective promotion)
20707;CRAZY DAISY HEART DECORATION;-3,362;0,0439;Elastic (effective promotion)
20711;JUMBO BAG TOYS;-1,764;0,1063;Elastic (effective promotion)
20712;JUMBO BAG WOODLAND ANIMALS;-2,218;0,0869;Elastic (effective promotion)
20713;JUMBO BAG OWLS;-2,074;0,1597;Elastic (effective promotion)
20716;PARTY FOOD SHOPPER BAG;-2,653;0,0665;Elastic (effective promotion)
20717;STRAWBERRY SHOPPER BAG;-2,305;0,0589;Elastic (effective promotion)
20718;RED RETROSPOT SHOPPER BAG;-2,750;0,0835;Elastic (effective promotion)
20719;WOODLAND CHARLOTTE BAG;-1,839;0,2211;Elastic (effective promotion)
20723;STRAWBERRY CHARLOTTE BAG;-1,646;0,3776;Elastic (effective promotion)
20724;RED RETROSPOT CHARLOTTE BAG;-3,359;0,0201;Elastic (effective promotion)
20725;LUNCH BAG RED RETROSPOT;-4,464;0,0073;Elastic (effective promotion)
20726;LUNCH BAG WOODLAND;-4,141;0,0141;Elastic (effective promotion)
20727;LUNCH BAG  BLACK SKULL.;-4,036;0,0099;Elastic (effective promotion)
20728;LUNCH BAG CARS BLUE;-3,409;0,0499;Elastic (effective promotion)
20735;BLACK MINI TAPE MEASURE;-1,536;0,1358;Elastic (effective promotion)
20767;BLUE PAISLEY JOURNAL;-2,424;0,1516;Elastic (effective promotion)
20768;GREEN FERN JOURNAL;-4,099;0,0181;Elastic (effective promotion)
20772;GARDEN PATH JOURNAL;-3,557;0,0523;Elastic (effective promotion)
20801;LARGE PINK GLASS SUNDAE DISH;-2,172;0,0048;Elastic (effective promotion)
20802;SMALL GLASS SUNDAE DISH CLEAR;-1,232;0,1794;Elastic (effective promotion)
20803;SMALL PINK GLASS SUNDAE DISH;-1,843;0,0168;Elastic (effective promotion)
20831;GOLD PHOTO FRAME;-1,340;0,3657;Elastic (effective promotion)
20832;RED FLOCK LOVE HEART PHOTO FRAME;-3,422;0,0061;Elastic (effective promotion)
20839;FRENCH PAISLEY CUSHION COVER;-2,333;0,0311;Elastic (effective promotion)
20854;BLUE PATCH PURSE PINK HEART;-5,356;0,0039;Elastic (effective promotion)
20866;BLUE ROSE FABRIC MIRROR;-1,876;0,1387;Elastic (effective promotion)
20867;PINK ROSE FABRIC MIRROR;-1,292;0,2344;Elastic (effective promotion)
20868;SILVER FABRIC MIRROR;-2,604;0,0109;Elastic (effective promotion)
20869;GOLD FABRIC MIRROR;-2,153;0,0427;Elastic (effective promotion)
20902;VINTAGE KEEPSAKE BOX PARIS DAYS;-1,358;0,1309;Elastic (effective promotion)
20931;BLUE POT PLANT CANDLE;-0,233;0,8138;Inelastic (risky promotion)
20932;PINK POT PLANT CANDLE;-1,194;0,1977;Elastic (effective promotion)
20936;FORKED CACTUS CANDLE;0,682;0,6594;Atypical (positive elasticity)
20969;RED FLORAL FELTCRAFT SHOULDER BAG;-2,364;0,3828;Elastic (effective promotion)
20971;PINK BLUE FELT CRAFT TRINKET BOX;-4,057;0,1212;Elastic (effective promotion)
20973;12 PENCIL SMALL TUBE WOODLAND;-2,650;0,1088;Elastic (effective promotion)
20978;36 PENCILS TUBE SKULLS;-0,160;0,9687;Inelastic (risky promotion)
20986;BLUE CALCULATOR RULER;-1,584;0,1349;Elastic (effective promotion)
20992;JAZZ HEARTS PURSE NOTEBOOK;-3,747;0,0108;Elastic (effective promotion)
20996;JAZZ HEARTS ADDRESS BOOK;-4,023;0,0485;Elastic (effective promotion)
20998;ROSE DU SUD OVEN GLOVE;-3,049;0,0363;Elastic (effective promotion)
21014;SWISS CHALET TREE DECORATION;-2,656;0,0138;Elastic (effective promotion)
21015;DARK BIRD HOUSE TREE DECORATION;-2,740;0,0279;Elastic (effective promotion)
21025;SPACE FROG;-0,687;0,4488;Inelastic (risky promotion)
21026;SPACE OWL;-1,351;0,2105;Elastic (effective promotion)
21027;NINJA RABBIT PINK;-2,167;0,1915;Elastic (effective promotion)
21028;NINJA RABBIT BLACK;-1,320;0,2769;Elastic (effective promotion)
21031;SPACE CADET BLACK;-1,258;0,4293;Elastic (effective promotion)
21033;JUMBO BAG CHARLIE AND LOLA TOYS;-2,629;0,0082;Elastic (effective promotion)
21035;SET/2 RED RETROSPOT TEA TOWELS;-3,024;0,0182;Elastic (effective promotion)
21051;RIBBONS PURSE;-3,337;0,0370;Elastic (effective promotion)
21055;TOOL BOX SOFT TOY;-0,943;0,6954;Inelastic (risky promotion)
21058;PARTY INVITES WOODLAND;-4,302;0,0756;Elastic (effective promotion)
21064;BOOM BOX SPEAKER BOYS;-1,768;0,1864;Elastic (effective promotion)
21065;BOOM BOX SPEAKER GIRLS;-2,095;0,0586;Elastic (effective promotion)
21066;VINTAGE RED MUG;-3,441;0,0372;Elastic (effective promotion)
21068;VINTAGE BILLBOARD LOVE/HATE MUG;-2,838;0,0888;Elastic (effective promotion)
21070;VINTAGE BILLBOARD MUG;-3,169;0,0236;Elastic (effective promotion)
21078;SET/20 STRAWBERRY PAPER NAPKINS;-2,687;0,1188;Elastic (effective promotion)
21080;SET/20 RED RETROSPOT PAPER NAPKINS;-2,171;0,1611;Elastic (effective promotion)
21090;SET/6 COLLAGE PAPER PLATES;-4,954;0,0194;Elastic (effective promotion)
21094;SET/6 RED SPOTTY PAPER PLATES;-4,146;0,0760;Elastic (effective promotion)
21096;SET/6 FRUIT SALAD  PAPER PLATES;-1,541;0,3826;Elastic (effective promotion)
21098;CHRISTMAS TOILET ROLL;-3,674;0,0238;Elastic (effective promotion)
21108;FAIRY CAKE FLANNEL ASSORTED COLOUR;-2,285;0,0809;Elastic (effective promotion)
21109;LARGE CAKE TOWEL CHOCOLATE SPOTS;-2,064;0,0113;Elastic (effective promotion)
21110;LARGE CAKE TOWEL PINK SPOTS;-0,574;0,6730;Inelastic (risky promotion)
21111;SWISS ROLL TOWEL, CHOCOLATE  SPOTS;-0,755;0,6015;Inelastic (risky promotion)
21112;SWISS ROLL TOWEL PINK  SPOTS;-0,474;0,8208;Inelastic (risky promotion)
21112;SWISS ROLL TOWEL, PINK  SPOTS;-2,962;0,0134;Elastic (effective promotion)
21115;ROSE CARAVAN DOORSTOP;-1,260;0,1078;Elastic (effective promotion)
21128;GOLD FISHING GNOME;-0,013;0,9857;Inelastic (risky promotion)
21135;VICTORIAN  METAL POSTCARD SPRING;-1,450;0,0148;Elastic (effective promotion)
21136;PAINTED METAL PEARS ASSORTED;-2,091;0,0143;Elastic (effective promotion)
21137;BLACK RECORD COVER FRAME;-5,498;0,1347;Elastic (effective promotion)
21154;RED RETROSPOT OVEN GLOVE;-3,369;0,0164;Elastic (effective promotion)
21155;RED RETROSPOT PEG BAG;-3,885;0,3296;Elastic (effective promotion)
21162;TOXIC AREA  DOOR HANGER;-0,468;0,7706;Inelastic (risky promotion)
21164;HOME SWEET HOME METAL SIGN;-3,575;0,2273;Elastic (effective promotion)
21166;COOK WITH WINE METAL SIGN;-0,842;0,5120;Inelastic (risky promotion)
21172;PARTY METAL SIGN;-3,923;0,0838;Elastic (effective promotion)
21174;POTTERING IN THE SHED METAL SIGN;0,618;0,6847;Atypical (positive elasticity)
21175;GIN + TONIC DIET METAL SIGN;-2,012;0,0979;Elastic (effective promotion)
21179;NO JUNK MAIL METAL SIGN;-2,360;0,0136;Elastic (effective promotion)
21181;PLEASE ONE PERSON METAL SIGN;-0,658;0,7626;Inelastic (risky promotion)
21194;PINK  HONEYCOMB PAPER FAN;-1,792;0,1426;Elastic (effective promotion)
21195;PINK  HONEYCOMB PAPER BALL;-0,640;0,1729;Inelastic (risky promotion)
21197;MULTICOLOUR  CONFETTI IN TUBE;-0,954;0,4821;Inelastic (risky promotion)
21198;WHITE HEART CONFETTI IN TUBE;-1,567;0,1833;Elastic (effective promotion)
21199;PINK  HEART CONFETTI IN TUBE;-2,035;0,0376;Elastic (effective promotion)
21200;MULTICOLOUR HONEYCOMB PAPER GARLAND;-2,341;0,0877;Elastic (effective promotion)
21205;MULTICOLOUR 3D BALLS GARLAND;-2,827;0,2386;Elastic (effective promotion)
21206;STRAWBERRY HONEYCOMB  GARLAND;-2,457;0,0424;Elastic (effective promotion)
21207;SKULL AND CROSSBONES  GARLAND;-3,468;0,4687;Elastic (effective promotion)
21208;PASTEL COLOUR HONEYCOMB FAN;-2,293;0,0297;Elastic (effective promotion)
21209;MULTICOLOUR HONEYCOMB FAN;-1,922;0,0212;Elastic (effective promotion)
21210;SET OF 72 RETROSPOT PAPER  DOILIES;-4,604;0,0066;Elastic (effective promotion)
21211;SET OF 72 SKULL PAPER  DOILIES;-4,486;0,0163;Elastic (effective promotion)
21212;PACK OF 72 RETROSPOT CAKE CASES;-2,545;0,0058;Elastic (effective promotion)
21213;PACK OF 72 SKULL CAKE CASES;-2,896;0,0063;Elastic (effective promotion)
21215;IVORY PAPER CUP CAKE CASES;-2,090;0,1664;Elastic (effective promotion)
21219;SET/4 BADGES BALLOON GIRL;-1,337;0,3454;Elastic (effective promotion)
21220;SET/4 BADGES DOGS;-0,914;0,4645;Inelastic (risky promotion)
21221;SET/4 BADGES CUTE CREATURES;-1,052;0,5229;Elastic (effective promotion)
21222;SET/4 BADGES BEETLES;-1,253;0,4869;Elastic (effective promotion)
21224;SET/4 SKULL BADGES;-1,066;0,7142;Elastic (effective promotion)
21232;STRAWBERRY CERAMIC TRINKET BOX;-3,090;0,0187;Elastic (effective promotion)
21238;RED RETROSPOT CUP;-5,159;0,0194;Elastic (effective promotion)
21239;PINK  POLKADOT CUP;-4,961;0,0668;Elastic (effective promotion)
21240;BLUE POLKADOT CUP;-4,839;0,0349;Elastic (effective promotion)
21242;RED RETROSPOT PLATE;-5,410;0,0468;Elastic (effective promotion)
21243;PINK  POLKADOT PLATE;-5,767;0,1364;Elastic (effective promotion)
21244;BLUE POLKADOT PLATE;-5,955;0,1410;Elastic (effective promotion)
21259;VICTORIAN SEWING BOX SMALL;-3,293;0,0261;Elastic (effective promotion)
21272;SALLE DE BAIN HOOK;-1,553;0,4252;Elastic (effective promotion)
21284;RETROSPOT CANDLE  SMALL;-1,314;0,1340;Elastic (effective promotion)
21286;RETROSPOT CANDLE  LARGE;-1,147;0,0682;Elastic (effective promotion)
21288;STRIPEY CHOCOLATE NESTING BOXES;-5,172;0,0265;Elastic (effective promotion)
21319;GLASS CHALICE GREEN  SMALL;-1,273;0,0494;Elastic (effective promotion)
21327;SKULLS WRITING SET;-1,767;0,2384;Elastic (effective promotion)
21352;EUCALYPTUS & PINECONE  WREATH;-2,780;0,0118;Elastic (effective promotion)
21354;TOAST ITS - BEST MUM;-4,091;0,0277;Elastic (effective promotion)
21359;RELAX LARGE WOOD LETTERS;-2,019;0,0031;Elastic (effective promotion)
21367;MIRRORED WALL ART GENTS;-1,457;0,0539;Elastic (effective promotion)
21372;MIRRORED WALL ART TABLE LAMP;-1,398;0,0759;Elastic (effective promotion)
21381;MINI WOODEN HAPPY BIRTHDAY GARLAND;-2,881;0,1353;Elastic (effective promotion)
21382;SET/4 SPRING FLOWER DECORATION;-2,588;0,0544;Elastic (effective promotion)
21383;PACK OF 12 STICKY BUNNIES;-3,552;0,1025;Elastic (effective promotion)
21391;FRENCH LAVENDER SCENT HEART;-2,764;0,0016;Elastic (effective promotion)
21397;BLUE POLKADOT EGG CUP;-2,572;0,0004;Elastic (effective promotion)
21398;RED POLKADOT COFFEE  MUG;-2,247;0,0041;Elastic (effective promotion)
21403;BLUE EGG  SPOON;-2,914;0,0117;Elastic (effective promotion)
21407;BROWN CHECK CAT DOORSTOP;1,276;0,6068;Atypical (positive elasticity)
21411;GINGHAM HEART  DOORSTOP RED;-1,602;0,2276;Elastic (effective promotion)
21425;SKULLS STORAGE BOX LARGE;-2,189;0,2038;Elastic (effective promotion)
21428;SET3 BOOK BOX GREEN GINGHAM FLOWER;-2,187;0,3230;Elastic (effective promotion)
21429;RED GINGHAM ROSE JEWELLERY BOX;-2,708;0,2051;Elastic (effective promotion)
21430;SET/3 RED GINGHAM ROSE STORAGE BOX;-1,656;0,4470;Elastic (effective promotion)
21441;BLUE BIRDHOUSE DECORATION;-1,254;0,2709;Elastic (effective promotion)
21442;GREEN BIRDHOUSE DECORATION;-1,394;0,3027;Elastic (effective promotion)
21452;TOADSTOOL MONEY BOX;-4,312;0,0378;Elastic (effective promotion)
21466;RED FLOWER CROCHET FOOD COVER;-3,681;0,0900;Elastic (effective promotion)
21471;STRAWBERRY RAFFIA FOOD COVER;-4,274;0,0118;Elastic (effective promotion)
21479;WHITE SKULL HOT WATER BOTTLE;-1,980;0,1181;Elastic (effective promotion)
21481;FAWN BLUE HOT WATER BOTTLE;-3,753;0,0000;Elastic (effective promotion)
21484;CHICK GREY HOT WATER BOTTLE;-3,046;0,0079;Elastic (effective promotion)
21485;RETROSPOT HEART HOT WATER BOTTLE;-2,827;0,1332;Elastic (effective promotion)
21494;ROTATING LEAVES T-LIGHT HOLDER;-1,546;0,0290;Elastic (effective promotion)
21506;FANCY FONT BIRTHDAY CARD,;-4,242;0,0594;Elastic (effective promotion)
21507;ELEPHANT, BIRTHDAY CARD,;-3,873;0,0438;Elastic (effective promotion)
21509;COWBOYS AND INDIANS BIRTHDAY CARD;-4,414;0,0313;Elastic (effective promotion)
21518;BANK ACCOUNT  GREETING  CARD;-4,232;0,0323;Elastic (effective promotion)
21520;BOOZE & WOMEN GREETING CARD;-3,727;0,1208;Elastic (effective promotion)
21523;DOORMAT FANCY FONT HOME SWEET HOME;-3,225;0,0002;Elastic (effective promotion)
21524;DOORMAT SPOTTY HOME SWEET HOME;-2,684;0,0145;Elastic (effective promotion)
21528;DAIRY MAID TRADITIONAL TEAPOT;-1,706;0,3296;Elastic (effective promotion)
21530;DAIRY MAID TOASTRACK;-3,000;0,0075;Elastic (effective promotion)
21534;DAIRY MAID LARGE MILK JUG;-2,080;0,2235;Elastic (effective promotion)
21555;CERAMIC STRAWBERRY TRINKET TRAY;-4,809;0,0089;Elastic (effective promotion)
21556;CERAMIC STRAWBERRY MONEY BOX;-3,893;0,0419;Elastic (effective promotion)
21557;SET OF 6 FUNKY BEAKERS;-2,266;0,0580;Elastic (effective promotion)
21559;STRAWBERRY LUNCH BOX WITH CUTLERY;-2,430;0,4528;Elastic (effective promotion)
21563;RED HEART SHAPE LOVE BUCKET;-1,951;0,1028;Elastic (effective promotion)
21564;PINK  HEART SHAPE LOVE BUCKET;-2,244;0,1009;Elastic (effective promotion)
21615;4 LAVENDER BOTANICAL DINNER CANDLES;-3,192;0,0293;Elastic (effective promotion)
21616;4 PEAR BOTANICAL DINNER CANDLES;-2,517;0,2258;Elastic (effective promotion)
21617;4 LILY  BOTANICAL DINNER CANDLES;-2,307;0,0245;Elastic (effective promotion)
21618;4 WILDFLOWER BOTANICAL CANDLES;-2,742;0,0008;Elastic (effective promotion)
21619;4 VANILLA BOTANICAL CANDLES;-3,286;0,0141;Elastic (effective promotion)
21620;SET OF 4 ROSE BOTANICAL CANDLES;-2,873;0,0270;Elastic (effective promotion)
21621;VINTAGE UNION JACK BUNTING;-2,107;0,2805;Elastic (effective promotion)
21623;VINTAGE UNION JACK MEMOBOARD;-4,242;0,0090;Elastic (effective promotion)
21625;VINTAGE UNION JACK APRON;-0,713;0,5752;Inelastic (risky promotion)
21631;HIPPY CHIC DECORATIVE PARASOL;-2,319;0,0511;Elastic (effective promotion)
21633;SUNFLOWER DECORATIVE PARASOL;-1,537;0,0321;Elastic (effective promotion)
21641;ASSORTED TUTTI FRUTTI KEYRING BALL;-2,006;0,0534;Elastic (effective promotion)
21650;ASSORTED TUTTI FRUTTI BRACELET;-2,292;0,0501;Elastic (effective promotion)
21658;GLASS  BEURRE DISH;-1,065;0,6638;Elastic (effective promotion)
21668;RED STRIPE CERAMIC DRAWER KNOB;-3,968;0,0115;Elastic (effective promotion)
21669;BLUE STRIPE CERAMIC DRAWER KNOB;-3,145;0,0224;Elastic (effective promotion)
21670;BLUE SPOT CERAMIC DRAWER KNOB;-1,818;0,1109;Elastic (effective promotion)
21671;RED SPOT CERAMIC DRAWER KNOB;-2,801;0,0205;Elastic (effective promotion)
21672;WHITE SPOT RED CERAMIC DRAWER KNOB;-2,838;0,0102;Elastic (effective promotion)
21673;WHITE SPOT BLUE CERAMIC DRAWER KNOB;-2,685;0,0277;Elastic (effective promotion)
21675;BUTTERFLIES STICKERS;-1,328;0,4699;Elastic (effective promotion)
21676;FLOWERS  STICKERS;-2,192;0,4596;Elastic (effective promotion)
21677;HEARTS  STICKERS;-1,204;0,5692;Elastic (effective promotion)
21678;PAISLEY PATTERN  STICKERS;-2,430;0,3229;Elastic (effective promotion)
21703;BAG 125g SWIRLY MARBLES;-3,807;0,0687;Elastic (effective promotion)
21705;BAG 500g SWIRLY MARBLES;-1,586;0,1025;Elastic (effective promotion)
21706;FOLDING UMBRELLA RED/WHITE POLKADOT;-1,679;0,1426;Elastic (effective promotion)
21707;FOLDING UMBRELLA BLACKBLUE POLKADOT;-0,625;0,7295;Inelastic (risky promotion)
21708;FOLDING UMBRELLA CREAM POLKADOT;-2,035;0,2961;Elastic (effective promotion)
21709;FOLDING UMBRELLA CHOCOLATE POLKADOT;-1,212;0,4239;Elastic (effective promotion)
21710;FOLDING UMBRELLA PINKWHITE POLKADOT;-1,694;0,2822;Elastic (effective promotion)
21711;FOLDING UMBRELLA WHITE/RED POLKADOT;-1,108;0,4673;Elastic (effective promotion)
21714;CITRONELLA CANDLE GARDEN POT;-3,862;0,1160;Elastic (effective promotion)
21715;GIRLS VINTAGE TIN SEASIDE BUCKET;-3,493;0,2053;Elastic (effective promotion)
21716;BOYS VINTAGE TIN SEASIDE BUCKET;-2,332;0,2642;Elastic (effective promotion)
21731;RED TOADSTOOL LED NIGHT LIGHT;-2,354;0,1291;Elastic (effective promotion)
21733;RED HANGING HEART T-LIGHT HOLDER;-5,457;0,0016;Elastic (effective promotion)
21754;HOME BUILDING BLOCK WORD;-3,717;0,0174;Elastic (effective promotion)
21755;LOVE BUILDING BLOCK WORD;-3,523;0,0392;Elastic (effective promotion)
21756;BATH BUILDING BLOCK WORD;-3,521;0,0873;Elastic (effective promotion)
21773;DECORATIVE ROSE BATHROOM BOTTLE;-1,413;0,0821;Elastic (effective promotion)
21774;DECORATIVE CATS BATHROOM BOTTLE;-1,140;0,0918;Elastic (effective promotion)
21775;DECORATIVE FLORE BATHROOM BOTTLE;-0,381;0,7142;Inelastic (risky promotion)
21781;MA CAMPAGNE CUTLERY BOX;-2,384;0,2046;Elastic (effective promotion)
21786;POLKADOT RAIN HAT;-2,850;0,1269;Elastic (effective promotion)
21788;KIDS RAIN MAC BLUE;-4,706;0,1352;Elastic (effective promotion)
21789;KIDS RAIN MAC PINK;-2,187;0,3980;Elastic (effective promotion)
21790;VINTAGE SNAP CARDS;-2,150;0,1199;Elastic (effective promotion)
21791;VINTAGE HEADS AND TAILS CARD GAME;-3,223;0,1036;Elastic (effective promotion)
21792;CLASSIC FRENCH STYLE BASKET GREEN;-4,249;0,0363;Elastic (effective promotion)
21794;CLASSIC FRENCH STYLE BASKET NATURAL;-1,543;0,2519;Elastic (effective promotion)
21809;CHRISTMAS HANGING TREE WITH BELL;-2,264;0,0279;Elastic (effective promotion)
21810;CHRISTMAS HANGING STAR WITH BELL;-2,744;0,0010;Elastic (effective promotion)
21811;HANGING HEART WITH BELL;-2,253;0,0684;Elastic (effective promotion)
21812;GARLAND WITH HEARTS AND BELLS;-2,547;0,0233;Elastic (effective promotion)
21813;GARLAND WITH STARS AND BELLS;-3,560;0,0382;Elastic (effective promotion)
21822;GLITTER CHRISTMAS TREE WITH BELLS;-3,256;0,0011;Elastic (effective promotion)
21823;PAINTED METAL HEART WITH HOLLY BELL;-2,736;0,0271;Elastic (effective promotion)
21843;RED RETROSPOT CAKE STAND;-1,768;0,3817;Elastic (effective promotion)
21846;PINK DIAMANTE PEN IN GIFT BOX;-1,091;0,0154;Elastic (effective promotion)
21847;GREEN  DIAMANTE PEN IN GIFT BOX;-1,844;0,0100;Elastic (effective promotion)
21849;SILVER DIAMANTE PEN IN GIFT BOX;-0,996;0,0984;Inelastic (risky promotion)
21850;BLUE  DIAMANTE PEN IN GIFT BOX;-0,624;0,3786;Inelastic (risky promotion)
21851;LILAC DIAMANTE PEN IN GIFT BOX;-1,068;0,0178;Elastic (effective promotion)
21864;UNION JACK FLAG PASSPORT COVER;0,034;0,9804;Atypical (positive elasticity)
21865;PINK UNION JACK  PASSPORT COVER;-0,012;0,9917;Inelastic (risky promotion)
21866;UNION JACK FLAG LUGGAGE TAG;-0,176;0,8852;Inelastic (risky promotion)
21867;PINK UNION JACK  LUGGAGE TAG;-1,133;0,5701;Elastic (effective promotion)
21868;POTTING SHED TEA MUG;-0,949;0,7211;Inelastic (risky promotion)
21871;SAVE THE PLANET MUG;-2,117;0,0432;Elastic (effective promotion)
21872;GLAMOROUS  MUG;-2,643;0,0345;Elastic (effective promotion)
21873;IF YOU CAN'T STAND THE HEAT MUG;-2,324;0,0512;Elastic (effective promotion)
21874;GIN AND TONIC MUG;-1,560;0,0989;Elastic (effective promotion)
21876;POTTERING MUG;-1,352;0,2405;Elastic (effective promotion)
21877;HOME SWEET HOME MUG;-3,801;0,0045;Elastic (effective promotion)
21878;PACK OF 6 SANDCASTLE FLAGS ASSORTED;-1,820;0,7018;Elastic (effective promotion)
21879;HEARTS GIFT TAPE;-2,179;0,0217;Elastic (effective promotion)
21880;RED RETROSPOT TAPE;-2,415;0,1411;Elastic (effective promotion)
21881;CUTE CATS TAPE;-1,561;0,1157;Elastic (effective promotion)
21882;SKULLS TAPE;-2,126;0,0343;Elastic (effective promotion)
21883;STARS GIFT TAPE;-1,990;0,0360;Elastic (effective promotion)
21884;CAKES AND BOWS GIFT  TAPE;-1,773;0,0363;Elastic (effective promotion)
21889;WOODEN BOX OF DOMINOES;-3,311;0,0558;Elastic (effective promotion)
21890;S/6 WOODEN SKITTLES IN COTTON BAG;-2,465;0,1398;Elastic (effective promotion)
21891;TRADITIONAL WOODEN SKIPPING ROPE;-3,395;0,0653;Elastic (effective promotion)
21896;POTTING SHED TWINE;-1,152;0,7511;Elastic (effective promotion)
21903;MAN FLU METAL SIGN;-2,927;0,2584;Elastic (effective promotion)
21905;MORE BUTTER METAL SIGN;-3,683;0,0365;Elastic (effective promotion)
21906;PHARMACIE FIRST AID TIN;-1,846;0,0902;Elastic (effective promotion)
21908;CHOCOLATE THIS WAY METAL SIGN;-1,857;0,2072;Elastic (effective promotion)
21912;VINTAGE SNAKES & LADDERS;-1,695;0,2010;Elastic (effective promotion)
21913;VINTAGE SEASIDE JIGSAW PUZZLES;-1,283;0,4295;Elastic (effective promotion)
21914;BLUE HARMONICA IN BOX;-3,259;0,1179;Elastic (effective promotion)
21915;RED  HARMONICA IN BOX;-1,623;0,5343;Elastic (effective promotion)
21916;SET 12 RETRO WHITE CHALK STICKS;-4,770;0,0257;Elastic (effective promotion)
21917;SET 12 KIDS  WHITE CHALK STICKS;-6,473;0,0502;Elastic (effective promotion)
21918;SET 12 KIDS COLOUR  CHALK STICKS;-6,883;0,0285;Elastic (effective promotion)
21922;UNION STRIPE WITH FRINGE  HAMMOCK;-3,318;0,0638;Elastic (effective promotion)
21928;JUMBO BAG SCANDINAVIAN BLUE PAISLEY;0,087;0,9580;Atypical (positive elasticity)
21928;JUMBO BAG SCANDINAVIAN PAISLEY;-4,211;0,0031;Elastic (effective promotion)
21929;JUMBO BAG PINK VINTAGE PAISLEY;-1,919;0,0879;Elastic (effective promotion)
21930;JUMBO STORAGE BAG SKULLS;-1,326;0,2012;Elastic (effective promotion)
21931;JUMBO STORAGE BAG SUKI;-2,031;0,0674;Elastic (effective promotion)
21932;SCANDINAVIAN PAISLEY PICNIC BAG;-5,171;0,0037;Elastic (effective promotion)
21933;PINK VINTAGE PAISLEY PICNIC BAG;-5,269;0,0003;Elastic (effective promotion)
21934;SKULL SHOULDER BAG;-1,987;0,0948;Elastic (effective promotion)
21935;SUKI  SHOULDER BAG;-2,151;0,0419;Elastic (effective promotion)
21942;SKULLS DESIGN FLANNEL;1,281;0,2716;Atypical (positive elasticity)
21944;KITTENS DESIGN FLANNEL;-0,603;0,5427;Inelastic (risky promotion)
21945;STRAWBERRIES  DESIGN FLANNEL;2,197;0,2324;Atypical (positive elasticity)
21946;PARTY TIME DESIGN FLANNEL;-0,869;0,5713;Inelastic (risky promotion)
21947;SET OF 6 HEART CHOPSTICKS;-1,766;0,4502;Elastic (effective promotion)
21949;SET OF 6 STRAWBERRY CHOPSTICKS;-2,026;0,2578;Elastic (effective promotion)
21955;DOORMAT UNION JACK GUNS AND ROSES;-3,586;0,0004;Elastic (effective promotion)
21967;PACK OF 12 SKULL TISSUES;-5,270;0,0082;Elastic (effective promotion)
21972;SET OF 36 DINOSAUR PAPER DOILIES;-4,432;0,0183;Elastic (effective promotion)
21974;SET OF 36 PAISLEY FLOWER DOILIES;-2,152;0,2301;Elastic (effective promotion)
21975;PACK OF 60 DINOSAUR CAKE CASES;-3,929;0,0311;Elastic (effective promotion)
21976;PACK OF 60 MUSHROOM CAKE CASES;-2,796;0,0388;Elastic (effective promotion)
21977;PACK OF 60 PINK PAISLEY CAKE CASES;-3,453;0,0022;Elastic (effective promotion)
21980;PACK OF 12 RED RETROSPOT TISSUES;-3,751;0,0088;Elastic (effective promotion)
21981;PACK OF 12 WOODLAND TISSUES;-3,417;0,0127;Elastic (effective promotion)
21982;PACK OF 12 SUKI TISSUES;-3,152;0,0062;Elastic (effective promotion)
21983;PACK OF 12 BLUE PAISLEY TISSUES;-4,674;0,0609;Elastic (effective promotion)
21984;PACK OF 12 PINK PAISLEY TISSUES;-2,698;0,0195;Elastic (effective promotion)
21985;PACK OF 12 HEARTS DESIGN TISSUES;-3,504;0,0089;Elastic (effective promotion)
21986;PACK OF 12 PINK POLKADOT TISSUES;-3,150;0,0144;Elastic (effective promotion)
21989;PACK OF 20 SKULL PAPER NAPKINS;-2,609;0,1684;Elastic (effective promotion)
21992;VINTAGE PAISLEY STATIONERY SET;-4,301;0,0038;Elastic (effective promotion)
21993;FLORAL FOLK STATIONERY SET;-4,221;0,0191;Elastic (effective promotion)
22027;TEA PARTY BIRTHDAY CARD;-3,950;0,0390;Elastic (effective promotion)
22029;SPACEBOY BIRTHDAY CARD;-4,628;0,0210;Elastic (effective promotion)
22041;"RECORD FRAME 7"" SINGLE SIZE";-3,570;0,1571;Elastic (effective promotion)
22055;MINI CAKE STAND  HANGING STRAWBERY;-1,188;0,3699;Elastic (effective promotion)
22059;CERAMIC STRAWBERRY DESIGN MUG;-1,907;0,1519;Elastic (effective promotion)
22061;LARGE CAKE STAND  HANGING STRAWBERY;-1,057;0,2429;Elastic (effective promotion)
22062;CERAMIC BOWL WITH LOVE HEART DESIGN;-3,197;0,0146;Elastic (effective promotion)
22063;CERAMIC BOWL WITH STRAWBERRY DESIGN;-1,595;0,2174;Elastic (effective promotion)
22064;PINK DOUGHNUT TRINKET POT;-0,910;0,3135;Inelastic (risky promotion)
22065;CHRISTMAS PUDDING TRINKET POT;-2,480;0,0025;Elastic (effective promotion)
22067;CHOC TRUFFLE GOLD TRINKET POT;-0,756;0,4391;Inelastic (risky promotion)
22068;BLACK PIRATE TREASURE CHEST;-1,282;0,1534;Elastic (effective promotion)
22069;BROWN  PIRATE TREASURE CHEST;-0,462;0,3422;Inelastic (risky promotion)
22070;SMALL RED RETROSPOT MUG IN BOX;-0,586;0,4087;Inelastic (risky promotion)
22071;SMALL WHITE RETROSPOT MUG IN BOX;-1,531;0,0434;Elastic (effective promotion)
22072;RED RETROSPOT TEA CUP AND SAUCER;-1,571;0,2128;Elastic (effective promotion)
22074;6 RIBBONS SHIMMERING PINKS;-2,153;0,0030;Elastic (effective promotion)
22075;6 RIBBONS ELEGANT CHRISTMAS;-1,776;0,0249;Elastic (effective promotion)
22076;6 RIBBONS EMPIRE;-2,237;0,0253;Elastic (effective promotion)
22077;6 RIBBONS RUSTIC CHARM;-3,143;0,0063;Elastic (effective promotion)
22078;RIBBON REEL LACE DESIGN;-4,651;0,0027;Elastic (effective promotion)
22079;RIBBON REEL HEARTS DESIGN;-4,846;0,0869;Elastic (effective promotion)
22080;RIBBON REEL POLKADOTS;-4,748;0,0035;Elastic (effective promotion)
22082;RIBBON REEL STRIPES DESIGN;-3,924;0,0291;Elastic (effective promotion)
22083;PAPER CHAIN KIT RETROSPOT;-2,466;0,2392;Elastic (effective promotion)
22084;PAPER CHAIN KIT EMPIRE;-5,217;0,0119;Elastic (effective promotion)
22085;PAPER CHAIN KIT SKULLS;-2,920;0,2565;Elastic (effective promotion)
22086;PAPER CHAIN KIT 50'S CHRISTMAS;-2,904;0,0036;Elastic (effective promotion)
22087;PAPER BUNTING WHITE LACE;-5,936;0,0165;Elastic (effective promotion)
22088;PAPER BUNTING COLOURED LACE;-4,670;0,1014;Elastic (effective promotion)
22089;PAPER BUNTING VINTAGE PAISLEY;-4,623;0,0937;Elastic (effective promotion)
22090;PAPER BUNTING RETROSPOT;-5,014;0,0388;Elastic (effective promotion)
22091;EMPIRE TISSUE BOX;-1,382;0,1561;Elastic (effective promotion)
22093;MOTORING TISSUE BOX;-2,276;0,0508;Elastic (effective promotion)
22094;RED RETROSPOT TISSUE BOX;-1,526;0,1899;Elastic (effective promotion)
22095;LADS ONLY TISSUE BOX;-0,858;0,3546;Inelastic (risky promotion)
22099;CARAVAN SQUARE TISSUE BOX;-2,303;0,0433;Elastic (effective promotion)
22101;MIRROR MOSAIC VOTIVE HOLDER;-0,960;0,2944;Inelastic (risky promotion)
22106;MIRROR MOSAIC HURRICANE LAMP;-1,578;0,0603;Elastic (effective promotion)
22107;PIZZA PLATE IN BOX;-0,525;0,5864;Inelastic (risky promotion)
22110;BIRD HOUSE HOT WATER BOTTLE;-1,813;0,1148;Elastic (effective promotion)
22111;SCOTTIE DOG HOT WATER BOTTLE;-1,991;0,0730;Elastic (effective promotion)
22112;CHOCOLATE HOT WATER BOTTLE;-2,198;0,1261;Elastic (effective promotion)
22113;GREY HEART HOT WATER BOTTLE;-4,612;0,0000;Elastic (effective promotion)
22114;HOT WATER BOTTLE TEA AND SYMPATHY;-0,288;0,8262;Inelastic (risky promotion)
22115;METAL SIGN EMPIRE TEA;-1,886;0,1276;Elastic (effective promotion)
22116;METAL SIGN HIS DINNER IS SERVED;-1,809;0,1113;Elastic (effective promotion)
22117;METAL SIGN HER DINNER IS SERVED;-0,791;0,5654;Inelastic (risky promotion)
22118;JOY WOODEN BLOCK LETTERS;-1,150;0,1145;Elastic (effective promotion)
22120;WELCOME  WOODEN BLOCK LETTERS;-3,488;0,1105;Elastic (effective promotion)
22123;PING MICROWAVE APRON;-1,679;0,0970;Elastic (effective promotion)
22124;SET OF 2 TEA TOWELS PING MICROWAVE;-1,704;0,1568;Elastic (effective promotion)
22130;PARTY CONE CHRISTMAS DECORATION;-1,789;0,0430;Elastic (effective promotion)
22141;CHRISTMAS CRAFT TREE TOP ANGEL;-2,773;0,0347;Elastic (effective promotion)
22142;CHRISTMAS CRAFT WHITE FAIRY;-3,270;0,0581;Elastic (effective promotion)
22144;CHRISTMAS CRAFT LITTLE FRIENDS;-2,774;0,0456;Elastic (effective promotion)
22147;FELTCRAFT BUTTERFLY HEARTS;-4,954;0,0003;Elastic (effective promotion)
22148;EASTER CRAFT 4 CHICKS;-4,055;0,1627;Elastic (effective promotion)
22149;FELTCRAFT 6 FLOWER FRIENDS;-4,808;0,0009;Elastic (effective promotion)
22150;3 STRIPEY MICE FELTCRAFT;-4,367;0,0045;Elastic (effective promotion)
22151;PLACE SETTING WHITE HEART;-4,091;0,0215;Elastic (effective promotion)
22158;3 HEARTS HANGING DECORATION RUSTIC;-0,726;0,8357;Inelastic (risky promotion)
22161;HEART DECORATION RUSTIC HANGING;-1,975;0,0321;Elastic (effective promotion)
22163;HEART STRING MEMO HOLDER HANGING;-2,490;0,0062;Elastic (effective promotion)
22165;DIAMANTE HEART SHAPED WALL MIRROR,;-1,944;0,0076;Elastic (effective promotion)
22166;WALL MIRROR RECTANGLE DIAMANTE PINK;-0,585;0,4616;Inelastic (risky promotion)
22167;OVAL WALL MIRROR DIAMANTE;-0,468;0,6134;Inelastic (risky promotion)
22169;FAMILY ALBUM WHITE PICTURE FRAME;-1,819;0,2403;Elastic (effective promotion)
22170;PICTURE FRAME WOOD TRIPLE PORTRAIT;-2,966;0,1244;Elastic (effective promotion)
22171;3 HOOK PHOTO SHELF ANTIQUE WHITE;-2,289;0,2038;Elastic (effective promotion)
22173;METAL 4 HOOK HANGER FRENCH CHATEAU;-2,559;0,1074;Elastic (effective promotion)
22174;PHOTO CUBE;-2,133;0,0104;Elastic (effective promotion)
22178;VICTORIAN GLASS HANGING T-LIGHT;-3,163;0,0120;Elastic (effective promotion)
22180;RETROSPOT LAMP;-3,313;0,1306;Elastic (effective promotion)
22182;CAKE STAND VICTORIAN FILIGREE SMALL;-1,474;0,2794;Elastic (effective promotion)
22183;CAKE STAND VICTORIAN FILIGREE MED;-0,258;0,9169;Inelastic (risky promotion)
22185;SLATE TILE NATURAL HANGING;-2,431;0,0590;Elastic (effective promotion)
22186;RED STAR CARD HOLDER;-2,415;0,0789;Elastic (effective promotion)
22188;BLACK HEART CARD HOLDER;-3,372;0,0199;Elastic (effective promotion)
22189;CREAM HEART CARD HOLDER;-2,992;0,0289;Elastic (effective promotion)
22190;LOCAL CAFE MUG;-0,776;0,5137;Inelastic (risky promotion)
22197;POPCORN HOLDER;-2,260;0,0166;Elastic (effective promotion)
22197;SMALL POPCORN HOLDER;-3,219;0,0035;Elastic (effective promotion)
22199;FRYING PAN RED RETROSPOT;-0,669;0,3356;Inelastic (risky promotion)
22200;FRYING PAN PINK POLKADOT;-0,236;0,7396;Inelastic (risky promotion)
22201;FRYING PAN BLUE POLKADOT;-1,258;0,1177;Elastic (effective promotion)
22203;MILK PAN RED RETROSPOT;-0,723;0,4007;Inelastic (risky promotion)
22204;MILK PAN BLUE POLKADOT;-0,493;0,5761;Inelastic (risky promotion)
22208;WOOD STAMP SET THANK YOU;-0,275;0,8010;Inelastic (risky promotion)
22209;WOOD STAMP SET HAPPY BIRTHDAY;-1,086;0,3531;Elastic (effective promotion)
22210;WOOD STAMP SET BEST WISHES;-1,052;0,4232;Elastic (effective promotion)
22211;WOOD STAMP SET FLOWERS;-0,819;0,4505;Inelastic (risky promotion)
22212;FOUR HOOK  WHITE LOVEBIRDS;-1,061;0,6807;Elastic (effective promotion)
22214;CANDLE PLATE LACE WHITE;-0,235;0,7252;Inelastic (risky promotion)
22215;CAKE STAND WHITE TWO TIER LACE;-1,841;0,1659;Elastic (effective promotion)
22216;T-LIGHT HOLDER WHITE LACE;-0,696;0,3465;Inelastic (risky promotion)
22219;LOVEBIRD HANGING DECORATION WHITE;-2,407;0,4752;Elastic (effective promotion)
22220;CAKE STAND LOVEBIRD 2 TIER WHITE;-1,619;0,1996;Elastic (effective promotion)
22221;CAKE STAND LOVEBIRD 2 TIER PINK;-1,438;0,2084;Elastic (effective promotion)
22222;CAKE PLATE LOVEBIRD WHITE;-2,397;0,0371;Elastic (effective promotion)
22223;CAKE PLATE LOVEBIRD PINK;-1,569;0,1681;Elastic (effective promotion)
22243;5 HOOK HANGER RED MAGIC TOADSTOOL;-5,442;0,0053;Elastic (effective promotion)
22247;BUNNY DECORATION MAGIC GARDEN;-0,147;0,9411;Inelastic (risky promotion)
22248;DECORATION  PINK CHICK MAGIC GARDEN;-2,622;0,1516;Elastic (effective promotion)
22249;DECORATION WHITE CHICK MAGIC GARDEN;-0,394;0,8440;Inelastic (risky promotion)
22250;DECORATION  BUTTERFLY  MAGIC GARDEN;-2,075;0,1886;Elastic (effective promotion)
22251;BIRDHOUSE DECORATION MAGIC GARDEN;-1,881;0,3251;Elastic (effective promotion)
22257;FELT FARM ANIMAL SHEEP;-1,795;0,0818;Elastic (effective promotion)
22258;FELT FARM ANIMAL RABBIT;-1,348;0,1534;Elastic (effective promotion)
22259;FELT FARM ANIMAL HEN;-2,014;0,0591;Elastic (effective promotion)
22263;FELT EGG COSY LADYBIRD;-1,355;0,0767;Elastic (effective promotion)
22264;FELT FARM ANIMAL WHITE BUNNY;-2,114;0,1357;Elastic (effective promotion)
22269;EGG CUP NATURAL CHICKEN;-2,240;0,0457;Elastic (effective promotion)
22273;FELTCRAFT DOLL MOLLY;-4,870;0,0190;Elastic (effective promotion)
22277;COSMETIC BAG VINTAGE ROSE PAISLEY;-2,077;0,1987;Elastic (effective promotion)
22279;POCKET BAG BLUE PAISLEY RED SPOT;-2,711;0,0208;Elastic (effective promotion)
22300;COFFEE MUG DOG + BALL DESIGN;-1,827;0,1984;Elastic (effective promotion)
22301;COFFEE MUG CAT + BIRD DESIGN;-1,817;0,1449;Elastic (effective promotion)
22303;COFFEE MUG APPLES DESIGN;-2,860;0,1580;Elastic (effective promotion)
22304;COFFEE MUG BLUE PAISLEY DESIGN;-2,576;0,0664;Elastic (effective promotion)
22306;SILVER MUG BONE CHINA TREE OF LIFE;-2,002;0,0172;Elastic (effective promotion)
22307;GOLD MUG BONE CHINA TREE OF LIFE;-1,898;0,0123;Elastic (effective promotion)
22311;OFFICE MUG WARMER BLACK+SILVER;-4,241;0,0033;Elastic (effective promotion)
22312;OFFICE MUG WARMER POLKADOT;-1,579;0,2587;Elastic (effective promotion)
22313;OFFICE MUG WARMER PINK;-2,374;0,0735;Elastic (effective promotion)
22314;OFFICE MUG WARMER CHOC+BLUE;-1,439;0,1279;Elastic (effective promotion)
22317;FIVE CATS HANGING DECORATION;-1,638;0,1875;Elastic (effective promotion)
22322;BIRD DECORATION GREEN POLKADOT;-2,383;0,1009;Elastic (effective promotion)
22325;MOBILE VINTAGE HEARTS;-1,794;0,2000;Elastic (effective promotion)
22326;ROUND SNACK BOXES SET OF4 WOODLAND;-5,096;0,0116;Elastic (effective promotion)
22327;ROUND SNACK BOXES SET OF 4 SKULLS;-2,657;0,1155;Elastic (effective promotion)
22328;ROUND SNACK BOXES SET OF 4 FRUITS;-7,354;0,0130;Elastic (effective promotion)
22329;ROUND CONTAINER SET OF 5 RETROSPOT;-3,676;0,0644;Elastic (effective promotion)
22336;DOVE DECORATION PAINTED ZINC;-2,597;0,0128;Elastic (effective promotion)
22337;ANGEL DECORATION PAINTED ZINC;-4,086;0,0032;Elastic (effective promotion)
22338;STAR DECORATION PAINTED ZINC;-2,707;0,0055;Elastic (effective promotion)
22339;CHRISTMAS TREE PAINTED ZINC;-3,023;0,0017;Elastic (effective promotion)
22340;NOEL GARLAND PAINTED ZINC;-3,014;0,0037;Elastic (effective promotion)
22341;LOVE GARLAND PAINTED ZINC;-0,861;0,8034;Inelastic (risky promotion)
22342;HOME GARLAND PAINTED ZINC;-2,048;0,1300;Elastic (effective promotion)
22343;PARTY PIZZA DISH RED RETROSPOT;-2,080;0,0236;Elastic (effective promotion)
22344;PARTY PIZZA DISH PINK POLKADOT;-1,813;0,0151;Elastic (effective promotion)
22345;PARTY PIZZA DISH BLUE POLKADOT;-1,716;0,0164;Elastic (effective promotion)
22346;PARTY PIZZA DISH GREEN POLKADOT;-1,914;0,0049;Elastic (effective promotion)
22348;TEA BAG PLATE RED RETROSPOT;-3,876;0,0524;Elastic (effective promotion)
22349;DOG BOWL CHASING BALL DESIGN;-1,994;0,2949;Elastic (effective promotion)
22352;LUNCH BOX WITH CUTLERY RETROSPOT;-4,231;0,0717;Elastic (effective promotion)
22355;CHARLOTTE BAG SUKI DESIGN;-2,811;0,0615;Elastic (effective promotion)
22356;CHARLOTTE BAG PINK POLKADOT;-2,810;0,0221;Elastic (effective promotion)
22357;KINGS CHOICE BISCUIT TIN;-2,177;0,1002;Elastic (effective promotion)
22358;KINGS CHOICE TEA CADDY;-0,089;0,9603;Inelastic (risky promotion)
22365;DOORMAT RESPECTABLE HOUSE;-2,214;0,0012;Elastic (effective promotion)
22366;DOORMAT AIRMAIL;-1,926;0,0010;Elastic (effective promotion)
22367;CHILDRENS APRON SPACEBOY DESIGN;-3,918;0,0046;Elastic (effective promotion)
22371;AIRLINE BAG VINTAGE TOKYO 78;-0,900;0,4648;Inelastic (risky promotion)
22372;AIRLINE BAG VINTAGE WORLD CHAMPION;-1,422;0,3708;Elastic (effective promotion)
22374;AIRLINE BAG VINTAGE JET SET RED;-2,377;0,1628;Elastic (effective promotion)
22375;AIRLINE BAG VINTAGE JET SET BROWN;-1,270;0,3836;Elastic (effective promotion)
22376;AIRLINE BAG VINTAGE JET SET WHITE;-1,678;0,2943;Elastic (effective promotion)
22377;BOTTLE BAG RETROSPOT;-2,815;0,0183;Elastic (effective promotion)
22378;WALL TIDY RETROSPOT;-1,995;0,0077;Elastic (effective promotion)
22379;RECYCLING BAG RETROSPOT;-3,333;0,0095;Elastic (effective promotion)
22380;TOY TIDY SPACEBOY;-0,935;0,4742;Inelastic (risky promotion)
22381;TOY TIDY PINK POLKADOT;-1,140;0,7375;Elastic (effective promotion)
22382;LUNCH BAG SPACEBOY DESIGN;-4,362;0,0049;Elastic (effective promotion)
22383;LUNCH BAG SUKI  DESIGN;-3,420;0,0037;Elastic (effective promotion)
22383;LUNCH BAG SUKI DESIGN;-3,797;0,0421;Elastic (effective promotion)
22384;LUNCH BAG PINK POLKADOT;-3,958;0,0505;Elastic (effective promotion)
22385;JUMBO BAG SPACEBOY DESIGN;-5,151;0,0020;Elastic (effective promotion)
22386;JUMBO BAG PINK POLKADOT;-3,959;0,0030;Elastic (effective promotion)
22389;PAPERWEIGHT SAVE THE PLANET;-0,319;0,6173;Inelastic (risky promotion)
22393;PAPERWEIGHT VINTAGE COLLAGE;-1,021;0,1466;Elastic (effective promotion)
22394;PAPERWEIGHT KINGS CHOICE;-0,950;0,1902;Inelastic (risky promotion)
22395;PAPERWEIGHT VINTAGE PAISLEY;-0,774;0,0664;Inelastic (risky promotion)
22396;MAGNETS PACK OF 4 RETRO PHOTO;-2,394;0,0184;Elastic (effective promotion)
22402;MAGNETS PACK OF 4 VINTAGE COLLAGE;-3,007;0,0711;Elastic (effective promotion)
22403;MAGNETS PACK OF 4 VINTAGE LABELS;-2,103;0,0064;Elastic (effective promotion)
22411;JUMBO SHOPPER VINTAGE RED PAISLEY;-2,844;0,0999;Elastic (effective promotion)
22413;METAL SIGN TAKE IT OR LEAVE IT;-3,574;0,0743;Elastic (effective promotion)
22414;DOORMAT NEIGHBOURHOOD WITCH;-1,013;0,1464;Elastic (effective promotion)
22417;PACK OF 60 SPACEBOY CAKE CASES;-3,324;0,0129;Elastic (effective promotion)
22418;10 COLOUR SPACEBOY PEN;-4,609;0,0141;Elastic (effective promotion)
22422;TOOTHPASTE TUBE PEN;-0,566;0,4296;Inelastic (risky promotion)
22423;REGENCY CAKESTAND 3 TIER;0,543;0,7203;Atypical (positive elasticity)
22424;ENAMEL BREAD BIN CREAM;0,346;0,8681;Atypical (positive elasticity)
22426;ENAMEL WASH BOWL CREAM;-4,126;0,0609;Elastic (effective promotion)
22427;ENAMEL FLOWER JUG CREAM;-2,893;0,4374;Elastic (effective promotion)
22430;ENAMEL WATERING CAN CREAM;-3,138;0,1374;Elastic (effective promotion)
22431;WATERING CAN BLUE ELEPHANT;-1,268;0,7450;Elastic (effective promotion)
22438;BALLOON ART MAKE YOUR OWN FLOWERS;-1,465;0,0899;Elastic (effective promotion)
22440;BALLOON WATER BOMB PACK OF 35;-5,679;0,0827;Elastic (effective promotion)
22442;GROW YOUR OWN FLOWERS SET OF 3;-2,190;0,0737;Elastic (effective promotion)
22444;GROW YOUR OWN PLANT IN A CAN;-2,512;0,0292;Elastic (effective promotion)
22445;PENCIL CASE LIFE IS BEAUTIFUL;-2,515;0,2258;Elastic (effective promotion)
22446;PIN CUSHION BABUSHKA PINK;-2,167;0,1088;Elastic (effective promotion)
22447;PIN CUSHION BABUSHKA BLUE;-1,301;0,2307;Elastic (effective promotion)
22449;SILK PURSE BABUSHKA PINK;-2,924;0,2366;Elastic (effective promotion)
22452;MEASURING TAPE BABUSHKA PINK;-2,842;0,1681;Elastic (effective promotion)
22453;MEASURING TAPE BABUSHKA BLUE;-2,442;0,1296;Elastic (effective promotion)
22457;NATURAL SLATE HEART CHALKBOARD;-4,089;0,0316;Elastic (effective promotion)
22459;CAST IRON HOOK GARDEN TROWEL;-3,902;0,0765;Elastic (effective promotion)
22461;SAVOY ART DECO CLOCK;-2,092;0,0012;Elastic (effective promotion)
22464;HANGING METAL HEART LANTERN;-1,669;0,2811;Elastic (effective promotion)
22465;HANGING METAL STAR LANTERN;-2,036;0,1748;Elastic (effective promotion)
22466;FAIRY TALE COTTAGE NIGHTLIGHT;-3,626;0,0165;Elastic (effective promotion)
22467;GUMBALL COAT RACK;-3,666;0,2049;Elastic (effective promotion)
22469;HEART OF WICKER SMALL;-1,080;0,3672;Elastic (effective promotion)
22470;HEART OF WICKER LARGE;-2,705;0,0767;Elastic (effective promotion)
22471;TV DINNER TRAY AIR HOSTESS;-1,267;0,0791;Elastic (effective promotion)
22472;TV DINNER TRAY DOLLY GIRL;-1,113;0,2167;Elastic (effective promotion)
22473;TV DINNER TRAY VINTAGE PAISLEY;-1,733;0,0198;Elastic (effective promotion)
22474;SPACEBOY TV DINNER TRAY;-0,662;0,3874;Inelastic (risky promotion)
22475;SKULL DESIGN TV DINNER TRAY;-0,773;0,3821;Inelastic (risky promotion)
22476;EMPIRE UNION JACK TV DINNER TRAY;-1,468;0,1321;Elastic (effective promotion)
22481;BLACK TEA TOWEL CLASSIC DESIGN;-1,105;0,2477;Elastic (effective promotion)
22489;PACK OF 12 TRADITIONAL CRAYONS;-5,045;0,0191;Elastic (effective promotion)
22491;PACK OF 12 COLOURED PENCILS;-6,473;0,0040;Elastic (effective promotion)
22492;MINI PAINT SET VINTAGE;-4,457;0,0546;Elastic (effective promotion)
22498;WOODEN REGATTA BUNTING;-2,883;0,0990;Elastic (effective promotion)
22499;WOODEN UNION JACK BUNTING;-3,976;0,1288;Elastic (effective promotion)
22501;PICNIC BASKET WICKER LARGE;2,071;0,2072;Atypical (positive elasticity)
22502;PICNIC BASKET WICKER SMALL;2,293;0,1775;Atypical (positive elasticity)
22503;CABIN BAG VINTAGE PAISLEY;-2,122;0,1135;Elastic (effective promotion)
22504;CABIN BAG VINTAGE RETROSPOT;-2,273;0,0759;Elastic (effective promotion)
22505;MEMO BOARD COTTAGE DESIGN;-3,431;0,0622;Elastic (effective promotion)
22507;MEMO BOARD RETROSPOT  DESIGN;-1,515;0,3901;Elastic (effective promotion)
22508;DOORSTOP RETROSPOT HEART;-3,056;0,1817;Elastic (effective promotion)
22509;SEWING BOX RETROSPOT DESIGN;-1,845;0,0801;Elastic (effective promotion)
22511;RETROSPOT BABUSHKA DOORSTOP;-1,172;0,3000;Elastic (effective promotion)
22512;DOORSTOP RACING CAR DESIGN;-1,179;0,0788;Elastic (effective promotion)
22524;CHILDRENS GARDEN GLOVES BLUE;-3,588;0,1256;Elastic (effective promotion)
22525;CHILDRENS GARDEN GLOVES PINK;-3,009;0,0431;Elastic (effective promotion)
22533;MAGIC DRAWING SLATE BAKE A CAKE;-4,114;0,0367;Elastic (effective promotion)
22535;MAGIC DRAWING SLATE BUNNIES;-3,062;0,1537;Elastic (effective promotion)
22536;MAGIC DRAWING SLATE PURDEY;-4,687;0,0528;Elastic (effective promotion)
22539;MINI JIGSAW DOLLY GIRL;-1,866;0,2149;Elastic (effective promotion)
22540;MINI JIGSAW CIRCUS PARADE;-2,476;0,2018;Elastic (effective promotion)
22541;MINI JIGSAW LEAP FROG;-0,555;0,8100;Inelastic (risky promotion)
22543;MINI JIGSAW BAKE A CAKE;-1,641;0,4916;Elastic (effective promotion)
22544;MINI JIGSAW SPACEBOY;-2,301;0,1942;Elastic (effective promotion)
22545;MINI JIGSAW BUNNIES;-1,856;0,2076;Elastic (effective promotion)
22546;MINI JIGSAW PURDEY;-1,952;0,2834;Elastic (effective promotion)
22548;HEADS AND TAILS SPORTING FUN;-3,077;0,0504;Elastic (effective promotion)
22549;PICTURE DOMINOES;-4,183;0,1731;Elastic (effective promotion)
22550;HOLIDAY FUN LUDO;-2,679;0,0552;Elastic (effective promotion)
22551;PLASTERS IN TIN SPACEBOY;-5,307;0,0315;Elastic (effective promotion)
22553;PLASTERS IN TIN SKULLS;-4,839;0,0299;Elastic (effective promotion)
22554;PLASTERS IN TIN WOODLAND ANIMALS;-4,547;0,0234;Elastic (effective promotion)
22555;PLASTERS IN TIN STRONGMAN;-5,858;0,0238;Elastic (effective promotion)
22556;PLASTERS IN TIN CIRCUS PARADE;-5,765;0,0111;Elastic (effective promotion)
22557;PLASTERS IN TIN VINTAGE PAISLEY;-3,266;0,3635;Elastic (effective promotion)
22558;CLOTHES PEGS RETROSPOT PACK 24;-1,747;0,3355;Elastic (effective promotion)
22559;SEASIDE FLYING DISC;-2,400;0,1877;Elastic (effective promotion)
22560;TRADITIONAL MODELLING CLAY;-6,998;0,0105;Elastic (effective promotion)
22561;WOODEN SCHOOL COLOURING SET;-5,219;0,1148;Elastic (effective promotion)
22567;20 DOLLY PEGS RETROSPOT;-4,149;0,0474;Elastic (effective promotion)
22577;WOODEN HEART CHRISTMAS SCANDINAVIAN;-3,335;0,0087;Elastic (effective promotion)
22578;WOODEN STAR CHRISTMAS SCANDINAVIAN;-3,350;0,0041;Elastic (effective promotion)
22579;WOODEN TREE CHRISTMAS SCANDINAVIAN;-3,011;0,0029;Elastic (effective promotion)
22580;ADVENT CALENDAR GINGHAM SACK;-3,922;0,0180;Elastic (effective promotion)
22581;WOOD STOCKING CHRISTMAS SCANDISPOT;-2,298;0,0266;Elastic (effective promotion)
22588;CARD HOLDER GINGHAM HEART;-3,918;0,2557;Elastic (effective promotion)
22589;CARDHOLDER GINGHAM STAR;-1,278;0,3391;Elastic (effective promotion)
22596;CHRISTMAS STAR WISH LIST CHALKBOARD;-0,825;0,3784;Inelastic (risky promotion)
22597;MUSICAL ZINC HEART DECORATION;-2,435;0,0290;Elastic (effective promotion)
22598;CHRISTMAS MUSICAL ZINC TREE;-2,861;0,0176;Elastic (effective promotion)
22599;CHRISTMAS MUSICAL ZINC STAR;-3,002;0,1207;Elastic (effective promotion)
22605;WOODEN CROQUET GARDEN SET;-1,908;0,5813;Elastic (effective promotion)
22607;WOODEN ROUNDERS GARDEN SET;-3,044;0,2898;Elastic (effective promotion)
22608;PENS ASSORTED FUNKY JEWELED;-3,347;0,0003;Elastic (effective promotion)
22609;PENS ASSORTED SPACEBALL;-2,257;0,0025;Elastic (effective promotion)
22610;PENS ASSORTED FUNNY FACE;-2,271;0,0034;Elastic (effective promotion)
22613;PACK OF 20 SPACEBOY NAPKINS;-4,182;0,0785;Elastic (effective promotion)
22614;PACK OF 12 SPACEBOY TISSUES;-5,640;0,0265;Elastic (effective promotion)
22615;PACK OF 12 CIRCUS PARADE TISSUES;-3,813;0,0139;Elastic (effective promotion)
22616;PACK OF 12 LONDON TISSUES;-2,641;0,0360;Elastic (effective promotion)
22620;4 TRADITIONAL SPINNING TOPS;-3,038;0,0853;Elastic (effective promotion)
22621;TRADITIONAL KNITTING NANCY;-4,648;0,1135;Elastic (effective promotion)
22622;BOX OF VINTAGE ALPHABET BLOCKS;-4,402;0,0018;Elastic (effective promotion)
22623;BOX OF VINTAGE JIGSAW BLOCKS;-3,505;0,0395;Elastic (effective promotion)
22625;RED KITCHEN SCALES;0,357;0,8552;Atypical (positive elasticity)
22627;MINT KITCHEN SCALES;1,215;0,2520;Atypical (positive elasticity)
22628;PICNIC BOXES SET OF 3 RETROSPOT;-3,586;0,0545;Elastic (effective promotion)
22629;SPACEBOY LUNCH BOX;-5,228;0,0225;Elastic (effective promotion)
22630;DOLLY GIRL LUNCH BOX;-4,355;0,0594;Elastic (effective promotion)
22631;CIRCUS PARADE LUNCH BOX;-4,861;0,0006;Elastic (effective promotion)
22632;HAND WARMER RED RETROSPOT;-4,852;0,0426;Elastic (effective promotion)
22633;HAND WARMER UNION JACK;-3,985;0,0283;Elastic (effective promotion)
22634;CHILDS BREAKFAST SET SPACEBOY;-3,456;0,3724;Elastic (effective promotion)
22637;PIGGY BANK RETROSPOT;-3,681;0,0039;Elastic (effective promotion)
22638;SET OF 4 NAPKIN CHARMS CROWNS;-1,791;0,0363;Elastic (effective promotion)
22639;SET OF 4 NAPKIN CHARMS HEARTS;-1,002;0,4252;Elastic (effective promotion)
22640;SET OF 4 NAPKIN CHARMS 3 KEYS;-1,394;0,1032;Elastic (effective promotion)
22641;SET OF 4 NAPKIN CHARMS INSTRUMENT;-0,295;0,7079;Inelastic (risky promotion)
22642;SET OF 4 NAPKIN CHARMS STARS;-1,378;0,2471;Elastic (effective promotion)
22643;SET OF 4 NAPKIN CHARMS LEAVES;-1,440;0,0818;Elastic (effective promotion)
22644;CERAMIC CHERRY CAKE MONEY BANK;-1,377;0,0515;Elastic (effective promotion)
22645;CERAMIC HEART FAIRY CAKE MONEY BANK;-1,207;0,1101;Elastic (effective promotion)
22646;CERAMIC STRAWBERRY CAKE MONEY BANK;-1,475;0,0738;Elastic (effective promotion)
22647;CERAMIC LOVE HEART MONEY BANK;-1,841;0,0528;Elastic (effective promotion)
22651;GENTLEMAN SHIRT REPAIR KIT;-2,389;0,2465;Elastic (effective promotion)
22652;TRAVEL SEWING KIT;-3,997;0,0385;Elastic (effective promotion)
22653;BUTTON BOX;-4,402;0,0181;Elastic (effective promotion)
22654;DELUXE SEWING KIT;-1,649;0,1128;Elastic (effective promotion)
22659;LUNCH BOX I LOVE LONDON;-3,363;0,0530;Elastic (effective promotion)
22660;DOORMAT I LOVE LONDON;-2,403;0,0027;Elastic (effective promotion)
22662;LUNCH BAG DOLLY GIRL DESIGN;-3,997;0,0251;Elastic (effective promotion)
22663;JUMBO BAG DOLLY GIRL DESIGN;-5,166;0,0064;Elastic (effective promotion)
22664;TOY TIDY DOLLY GIRL DESIGN;-0,892;0,3487;Inelastic (risky promotion)
22665;RECIPE BOX BLUE SKETCHBOOK DESIGN;-2,463;0,1019;Elastic (effective promotion)
22666;RECIPE BOX PANTRY YELLOW DESIGN;-0,914;0,5009;Inelastic (risky promotion)
22670;FRENCH WC SIGN BLUE METAL;-2,368;0,4040;Elastic (effective promotion)
22672;FRENCH BATHROOM SIGN BLUE METAL;-3,827;0,0477;Elastic (effective promotion)
22673;FRENCH GARDEN SIGN BLUE METAL;-3,258;0,1479;Elastic (effective promotion)
22674;FRENCH TOILET SIGN BLUE METAL;-4,744;0,0466;Elastic (effective promotion)
22676;FRENCH BLUE METAL DOOR SIGN 1;-2,121;0,4052;Elastic (effective promotion)
22677;FRENCH BLUE METAL DOOR SIGN 2;-2,170;0,3782;Elastic (effective promotion)
22678;FRENCH BLUE METAL DOOR SIGN 3;-2,450;0,3059;Elastic (effective promotion)
22679;FRENCH BLUE METAL DOOR SIGN 4;-1,958;0,4573;Elastic (effective promotion)
22680;FRENCH BLUE METAL DOOR SIGN 5;-2,565;0,3481;Elastic (effective promotion)
22681;FRENCH BLUE METAL DOOR SIGN 6;-2,000;0,4461;Elastic (effective promotion)
22682;FRENCH BLUE METAL DOOR SIGN 7;-2,760;0,3013;Elastic (effective promotion)
22683;FRENCH BLUE METAL DOOR SIGN 8;-2,358;0,3655;Elastic (effective promotion)
22684;FRENCH BLUE METAL DOOR SIGN 9;-2,401;0,3501;Elastic (effective promotion)
22685;FRENCH BLUE METAL DOOR SIGN 0;-2,971;0,2685;Elastic (effective promotion)
22686;FRENCH BLUE METAL DOOR SIGN No;-2,735;0,0709;Elastic (effective promotion)
22687;DOORMAT CHRISTMAS VILLAGE;-3,087;0,0509;Elastic (effective promotion)
22688;DOORMAT PEACE ON EARTH BLUE;-4,034;0,0001;Elastic (effective promotion)
22689;DOORMAT MERRY CHRISTMAS RED;-2,455;0,0244;Elastic (effective promotion)
22690;DOORMAT HOME SWEET HOME BLUE;-5,332;0,0003;Elastic (effective promotion)
22691;DOORMAT WELCOME SUNRISE;-3,368;0,0011;Elastic (effective promotion)
22692;DOORMAT WELCOME TO OUR HOME;-2,537;0,0129;Elastic (effective promotion)
22693;GROW A FLYTRAP OR SUNFLOWER IN TIN;-3,121;0,0249;Elastic (effective promotion)
22694;WICKER STAR;-3,528;0,1049;Elastic (effective promotion)
22695;WICKER WREATH SMALL;-1,309;0,1522;Elastic (effective promotion)
22700;BLACK AND WHITE DOG BOWL;-2,597;0,0745;Elastic (effective promotion)
22701;PINK DOG BOWL;-1,639;0,0211;Elastic (effective promotion)
22702;BLACK AND WHITE CAT BOWL;-1,169;0,4242;Elastic (effective promotion)
22703;PINK CAT BOWL;-1,768;0,0926;Elastic (effective promotion)
22713;CARD I LOVE LONDON;-4,220;0,0146;Elastic (effective promotion)
22719;GUMBALL MONOCHROME COAT RACK;-3,022;0,2434;Elastic (effective promotion)
22720;SET OF 3 CAKE TINS PANTRY DESIGN;-1,984;0,1753;Elastic (effective promotion)
22721;SET OF 3 CAKE TINS SKETCHBOOK;-2,114;0,1790;Elastic (effective promotion)
22722;SET OF 6 SPICE TINS PANTRY DESIGN;-3,240;0,0100;Elastic (effective promotion)
22723;SET OF 6 HERB TINS SKETCHBOOK;-1,457;0,2595;Elastic (effective promotion)
22725;ALARM CLOCK BAKELIKE CHOCOLATE;-4,285;0,0114;Elastic (effective promotion)
22726;ALARM CLOCK BAKELIKE GREEN;-4,942;0,0076;Elastic (effective promotion)
22727;ALARM CLOCK BAKELIKE RED;-2,394;0,1727;Elastic (effective promotion)
22728;ALARM CLOCK BAKELIKE PINK;-3,755;0,0877;Elastic (effective promotion)
22729;ALARM CLOCK BAKELIKE ORANGE;-4,238;0,0713;Elastic (effective promotion)
22730;ALARM CLOCK BAKELIKE IVORY;-4,140;0,0483;Elastic (effective promotion)
22731;3D CHRISTMAS STAMPS STICKERS;-3,540;0,2238;Elastic (effective promotion)
22732;3D VINTAGE CHRISTMAS STICKERS;-3,593;0,0619;Elastic (effective promotion)
22733;3D TRADITIONAL CHRISTMAS STICKERS;-3,693;0,2333;Elastic (effective promotion)
22734;SET OF 6 RIBBONS VINTAGE CHRISTMAS;-0,241;0,9271;Inelastic (risky promotion)
22735;RIBBON REEL SOCKS AND MITTENS;-2,002;0,1382;Elastic (effective promotion)
22736;RIBBON REEL MAKING SNOWMEN;-1,993;0,2388;Elastic (effective promotion)
22737;RIBBON REEL CHRISTMAS PRESENT;-1,923;0,2462;Elastic (effective promotion)
22738;RIBBON REEL SNOWY VILLAGE;-3,427;0,0336;Elastic (effective promotion)
22739;RIBBON REEL CHRISTMAS SOCK BAUBLE;-0,154;0,9362;Inelastic (risky promotion)
22742;MAKE YOUR OWN PLAYTIME CARD KIT;-1,861;0,1084;Elastic (effective promotion)
22743;MAKE YOUR OWN FLOWERPOWER CARD KIT;-1,030;0,2577;Elastic (effective promotion)
22744;MAKE YOUR OWN MONSOON CARD KIT;-1,422;0,1934;Elastic (effective promotion)
22745;POPPY'S PLAYHOUSE BEDROOM;-3,026;0,2133;Elastic (effective promotion)
22746;POPPY'S PLAYHOUSE LIVINGROOM;-4,435;0,0247;Elastic (effective promotion)
22747;POPPY'S PLAYHOUSE BATHROOM;-4,548;0,0275;Elastic (effective promotion)
22748;POPPY'S PLAYHOUSE KITCHEN;-3,503;0,0606;Elastic (effective promotion)
22749;FELTCRAFT PRINCESS CHARLOTTE DOLL;-3,878;0,0498;Elastic (effective promotion)
22752;SET 7 BABUSHKA NESTING BOXES;-1,348;0,2921;Elastic (effective promotion)
22753;SMALL YELLOW BABUSHKA NOTEBOOK;0,043;0,9582;Atypical (positive elasticity)
22754;SMALL RED BABUSHKA NOTEBOOK;0,036;0,9787;Atypical (positive elasticity)
22755;SMALL PURPLE BABUSHKA NOTEBOOK;0,019;0,9837;Atypical (positive elasticity)
22756;LARGE YELLOW BABUSHKA NOTEBOOK;-1,453;0,2756;Elastic (effective promotion)
22757;LARGE RED BABUSHKA NOTEBOOK;-1,068;0,1633;Elastic (effective promotion)
22758;LARGE PURPLE BABUSHKA NOTEBOOK;-1,571;0,1031;Elastic (effective promotion)
22759;SET OF 3 NOTEBOOKS IN PARCEL;-4,508;0,0109;Elastic (effective promotion)
22762;CUPBOARD 3 DRAWER MA CAMPAGNE;-2,835;0,2446;Elastic (effective promotion)
22766;PHOTO FRAME CORNICE;-4,363;0,0417;Elastic (effective promotion)
22767;TRIPLE PHOTO FRAME CORNICE;-3,670;0,0569;Elastic (effective promotion)
22768;FAMILY PHOTO FRAME CORNICE;-2,738;0,0941;Elastic (effective promotion)
22771;CLEAR DRAWER KNOB ACRYLIC EDWARDIAN;-1,334;0,3396;Elastic (effective promotion)
22772;PINK DRAWER KNOB ACRYLIC EDWARDIAN;-2,465;0,0648;Elastic (effective promotion)
22773;GREEN DRAWER KNOB ACRYLIC EDWARDIAN;-3,270;0,0502;Elastic (effective promotion)
22774;RED DRAWER KNOB ACRYLIC EDWARDIAN;-2,310;0,1531;Elastic (effective promotion)
22775;PURPLE DRAWERKNOB ACRYLIC EDWARDIAN;-3,244;0,0882;Elastic (effective promotion)
22776;SWEETHEART CAKESTAND 3 TIER;-5,029;0,0865;Elastic (effective promotion)
22783;SET 3 WICKER OVAL BASKETS W LIDS;-3,149;0,0691;Elastic (effective promotion)
22786;CUSHION COVER PINK UNION JACK;-0,643;0,4772;Inelastic (risky promotion)
22788;BROCANTE COAT RACK;-2,245;0,0496;Elastic (effective promotion)
22797;CHEST OF DRAWERS GINGHAM HEART;-0,060;0,9533;Inelastic (risky promotion)
22802;FAUX FUR CHOCOLATE THROW;-1,635;0,2435;Elastic (effective promotion)
22804;CANDLEHOLDER PINK HANGING HEART;-3,510;0,1001;Elastic (effective promotion)
22805;BLUE DRAWER KNOB ACRYLIC EDWARDIAN;-3,630;0,0186;Elastic (effective promotion)
22807;SET OF 6 T-LIGHTS TOADSTOOLS;-0,890;0,3794;Inelastic (risky promotion)
22811;SET OF 6 T-LIGHTS CACTI;-0,680;0,3967;Inelastic (risky promotion)
22812;PACK 3 BOXES CHRISTMAS PANNETONE;-3,543;0,0014;Elastic (effective promotion)
22817;CARD SUKI BIRTHDAY;-4,384;0,0872;Elastic (effective promotion)
22819;BIRTHDAY CARD, RETRO SPOT;-4,230;0,1021;Elastic (effective promotion)
22821;GIFT BAG PSYCHEDELIC APPLES;-3,652;0,0635;Elastic (effective promotion)
22834;HAND WARMER BABUSHKA DESIGN;-2,742;0,0022;Elastic (effective promotion)
22835;HOT WATER BOTTLE I AM SO POORLY;-3,322;0,0048;Elastic (effective promotion)
22838;3 TIER CAKE TIN RED AND CREAM;-3,362;0,0459;Elastic (effective promotion)
22839;3 TIER CAKE TIN GREEN AND CREAM;-1,275;0,1673;Elastic (effective promotion)
22840;ROUND CAKE TIN VINTAGE RED;-2,798;0,1814;Elastic (effective promotion)
22841;ROUND CAKE TIN VINTAGE GREEN;-2,812;0,1555;Elastic (effective promotion)
22844;VINTAGE CREAM DOG FOOD CONTAINER;-0,918;0,6586;Inelastic (risky promotion)
22845;VINTAGE CREAM CAT FOOD CONTAINER;-1,136;0,4546;Elastic (effective promotion)
22846;BREAD BIN DINER STYLE RED;0,578;0,7063;Atypical (positive elasticity)
22847;BREAD BIN DINER STYLE IVORY;-1,979;0,2563;Elastic (effective promotion)
22848;BREAD BIN DINER STYLE PINK;-0,743;0,7417;Inelastic (risky promotion)
22849;BREAD BIN DINER STYLE MINT;-3,545;0,0720;Elastic (effective promotion)
22853;CAT BOWL VINTAGE CREAM;-1,447;0,5380;Elastic (effective promotion)
22855;FINE WICKER HEART;-1,279;0,7714;Elastic (effective promotion)
22865;HAND WARMER OWL DESIGN;-4,533;0,0199;Elastic (effective promotion)
22866;HAND WARMER SCOTTY DOG DESIGN;-2,567;0,0865;Elastic (effective promotion)
22867;HAND WARMER BIRD DESIGN;-4,422;0,0045;Elastic (effective promotion)
22879;NUMBER TILE VINTAGE FONT 0;-1,118;0,1147;Elastic (effective promotion)
22880;NUMBER TILE VINTAGE FONT 1;-0,632;0,2652;Inelastic (risky promotion)
22881;NUMBER TILE VINTAGE FONT 2;-0,886;0,3146;Inelastic (risky promotion)
22882;NUMBER TILE VINTAGE FONT 3;-0,729;0,3037;Inelastic (risky promotion)
22883;NUMBER TILE VINTAGE FONT 4;-0,895;0,3045;Inelastic (risky promotion)
22884;NUMBER TILE VINTAGE FONT 5;-0,660;0,2370;Inelastic (risky promotion)
22885;NUMBER TILE VINTAGE FONT 6;-0,952;0,2610;Inelastic (risky promotion)
22887;NUMBER TILE VINTAGE FONT 8;-1,026;0,1758;Elastic (effective promotion)
22889;NUMBER TILE VINTAGE FONT No;-1,490;0,0915;Elastic (effective promotion)
22891;TEA FOR ONE POLKADOT;-0,235;0,9038;Inelastic (risky promotion)
22894;TABLECLOTH RED APPLES DESIGN;-0,668;0,7963;Inelastic (risky promotion)
22895;SET OF 2 TEA TOWELS APPLE AND PEARS;-3,865;0,0052;Elastic (effective promotion)
22896;PEG BAG APPLES DESIGN;-3,568;0,0384;Elastic (effective promotion)
22897;OVEN MITT APPLES DESIGN;-3,908;0,0035;Elastic (effective promotion)
22898;CHILDRENS APRON APPLES DESIGN;-2,244;0,2069;Elastic (effective promotion)
22899;CHILDREN'S APRON DOLLY GIRL;-4,794;0,0075;Elastic (effective promotion)
22900;SET 2 TEA TOWELS I LOVE LONDON;-3,177;0,0041;Elastic (effective promotion)
22903;CALENDAR FAMILY FAVOURITES;-0,854;0,5891;Inelastic (risky promotion)
22905;CALENDAR IN SEASON DESIGN;-2,421;0,1091;Elastic (effective promotion)
22907;PACK OF 20 NAPKINS PANTRY DESIGN;-2,994;0,1465;Elastic (effective promotion)
22908;PACK OF 20 NAPKINS RED APPLES;-3,613;0,0153;Elastic (effective promotion)
22909;SET OF 20 VINTAGE CHRISTMAS NAPKINS;-0,436;0,7829;Inelastic (risky promotion)
22910;PAPER CHAIN KIT VINTAGE CHRISTMAS;-0,214;0,9163;Inelastic (risky promotion)
22913;RED COAT RACK PARIS FASHION;-3,299;0,0429;Elastic (effective promotion)
22914;BLUE COAT RACK PARIS FASHION;-2,380;0,1360;Elastic (effective promotion)
22915;ASSORTED BOTTLE TOP  MAGNETS;-1,281;0,0145;Elastic (effective promotion)
22916;HERB MARKER THYME;-2,644;0,1273;Elastic (effective promotion)
22917;HERB MARKER ROSEMARY;-2,544;0,1348;Elastic (effective promotion)
22918;HERB MARKER PARSLEY;-3,025;0,0554;Elastic (effective promotion)
22919;HERB MARKER MINT;-2,543;0,1414;Elastic (effective promotion)
22920;HERB MARKER BASIL;-3,919;0,0116;Elastic (effective promotion)
22921;HERB MARKER CHIVES;-2,683;0,1185;Elastic (effective promotion)
22922;FRIDGE MAGNETS US DINER ASSORTED;-1,778;0,0249;Elastic (effective promotion)
22925;BLUE GIANT GARDEN THERMOMETER;-3,267;0,1090;Elastic (effective promotion)
22926;IVORY GIANT GARDEN THERMOMETER;-4,027;0,0897;Elastic (effective promotion)
22927;GREEN GIANT GARDEN THERMOMETER;-3,532;0,0500;Elastic (effective promotion)
22928;YELLOW GIANT GARDEN THERMOMETER;-2,981;0,2461;Elastic (effective promotion)
22930;BAKING MOULD HEART MILK CHOCOLATE;-3,704;0,0283;Elastic (effective promotion)
22931;BAKING MOULD HEART WHITE CHOCOLATE;-3,949;0,3412;Elastic (effective promotion)
22933;BAKING MOULD EASTER EGG MILK CHOC;-3,531;0,0182;Elastic (effective promotion)
22937;BAKING MOULD CHOCOLATE CUPCAKES;-2,961;0,2601;Elastic (effective promotion)
22939;APRON APPLE DELIGHT;-2,216;0,3030;Elastic (effective promotion)
22941;CHRISTMAS LIGHTS 10 REINDEER;-2,810;0,0531;Elastic (effective promotion)
22942;CHRISTMAS LIGHTS 10 SANTAS;-2,020;0,1476;Elastic (effective promotion)
22944;CHRISTMAS METAL POSTCARD WITH BELLS;-2,070;0,0027;Elastic (effective promotion)
22945;CHRISTMAS METAL TAGS ASSORTED;-1,709;0,0256;Elastic (effective promotion)
22946;WOODEN ADVENT CALENDAR CREAM;-0,122;0,9454;Inelastic (risky promotion)
22947;WOODEN ADVENT CALENDAR RED;-2,363;0,0606;Elastic (effective promotion)
22948;METAL DECORATION NAUGHTY CHILDREN;-1,719;0,0949;Elastic (effective promotion)
22951;60 CAKE CASES DOLLY GIRL DESIGN;-3,945;0,0237;Elastic (effective promotion)
22952;60 CAKE CASES VINTAGE CHRISTMAS;-2,565;0,0150;Elastic (effective promotion)
22955;36 FOIL STAR CAKE CASES;-1,771;0,2895;Elastic (effective promotion)
22956;36 FOIL HEART CAKE CASES;-2,243;0,1207;Elastic (effective promotion)
22960;JAM MAKING SET WITH JARS;-1,076;0,5151;Elastic (effective promotion)
22961;JAM MAKING SET PRINTED;-3,061;0,1332;Elastic (effective promotion)
22964;3 PIECE SPACEBOY COOKIE CUTTER SET;-4,922;0,0113;Elastic (effective promotion)
22965;3 TRADITIONAl BISCUIT CUTTERS  SET;-4,011;0,1414;Elastic (effective promotion)
22966;GINGERBREAD MAN COOKIE CUTTER;-4,630;0,0261;Elastic (effective promotion)
22969;HOMEMADE JAM SCENTED CANDLES;-4,297;0,0037;Elastic (effective promotion)
22970;LONDON BUS COFFEE MUG;-5,268;0,0321;Elastic (effective promotion)
22972;CHILDREN'S SPACEBOY MUG;-3,616;0,0495;Elastic (effective promotion)
22974;CHILDRENS DOLLY GIRL MUG;-3,708;0,0362;Elastic (effective promotion)
22978;PANTRY ROLLING PIN;-3,485;0,0609;Elastic (effective promotion)
22979;PANTRY WASHING UP BRUSH;-2,900;0,0334;Elastic (effective promotion)
22988;SOLDIERS EGG CUP;-4,514;0,0030;Elastic (effective promotion)
22989;SET 2 PANTRY DESIGN TEA TOWELS;-2,797;0,0513;Elastic (effective promotion)
22991;GIRAFFE WOODEN RULER;-3,665;0,0862;Elastic (effective promotion)
22992;REVOLVER WOODEN RULER;-3,605;0,0920;Elastic (effective promotion)
22993;SET OF 4 PANTRY JELLY MOULDS;-2,816;0,2142;Elastic (effective promotion)
22998;TRAVEL CARD WALLET KEEP CALM;-3,634;0,0257;Elastic (effective promotion)
23009;I LOVE LONDON BABY GIFT SET;-3,151;0,1335;Elastic (effective promotion)
23010;CIRCUS PARADE BABY GIFT SET;-0,091;0,9808;Inelastic (risky promotion)
23055;IVORY CHANDELIER T-LIGHT HOLDER;-1,862;0,0650;Elastic (effective promotion)
23056;FLOWERS CHANDELIER T-LIGHT HOLDER;-1,279;0,1317;Elastic (effective promotion)
23057;BEADED CHANDELIER T-LIGHT HOLDER;-1,713;0,0437;Elastic (effective promotion)
23071;MARIE ANTOINETTE TRINKET BOX GOLD;-0,463;0,1063;Inelastic (risky promotion)
23072;MARIE ANTOINETTE TRINKET BOX SILVER;-0,687;0,0637;Inelastic (risky promotion)
23084;RABBIT NIGHT LIGHT;0,156;0,9531;Atypical (positive elasticity)
23108;SET OF 10 LED DOLLY LIGHTS;-0,382;0,8773;Inelastic (risky promotion)
23113;PANTRY CHOPPING BOARD;-2,525;0,2181;Elastic (effective promotion)
23122;PARTY CHARMS 50 PIECES;-3,996;0,0114;Elastic (effective promotion)
23127;FELTCRAFT GIRL NICOLE KIT;-2,903;0,1521;Elastic (effective promotion)
23128;FELTCRAFT BOY JEAN-PAUL KIT;-1,889;0,2534;Elastic (effective promotion)
23132;SMALL IVORY HEART WALL ORGANISER;-0,936;0,5820;Inelastic (risky promotion)
23154;SET OF 4 JAM JAR MAGNETS;-3,770;0,0600;Elastic (effective promotion)
23168;CLASSIC CAFE SUGAR DISPENSER;-2,995;0,0168;Elastic (effective promotion)
23182;TOILET SIGN OCCUPIED OR VACANT;-1,605;0,2990;Elastic (effective promotion)
23193;BUFFALO BILL TREASURE BOOK BOX;-2,679;0,2170;Elastic (effective promotion)
23198;PANTRY MAGNETIC  SHOPPING LIST;0,048;0,9843;Atypical (positive elasticity)
23199;JUMBO BAG APPLES;-0,100;0,9616;Inelastic (risky promotion)
23200;JUMBO BAG PEARS;-1,004;0,6573;Elastic (effective promotion)
23201;JUMBO BAG ALPHABET;-0,835;0,5407;Inelastic (risky promotion)
23202;JUMBO BAG VINTAGE LEAF;-1,475;0,4920;Elastic (effective promotion)
23203;JUMBO BAG DOILEY PATTERNS;-2,904;0,1984;Elastic (effective promotion)
23203;JUMBO BAG VINTAGE DOILY;-1,172;0,6082;Elastic (effective promotion)
23206;LUNCH BAG APPLE DESIGN;-4,219;0,0231;Elastic (effective promotion)
23207;LUNCH BAG ALPHABET DESIGN;-3,679;0,0027;Elastic (effective promotion)
23208;LUNCH BAG VINTAGE LEAF DESIGN;-4,710;0,0061;Elastic (effective promotion)
23243;SET OF TEA COFFEE SUGAR TINS PANTRY;1,814;0,2085;Atypical (positive elasticity)
23247;BISCUIT TIN 50'S CHRISTMAS;-0,477;0,8987;Inelastic (risky promotion)
23283;DOORMAT VINTAGE LEAF;-1,327;0,2590;Elastic (effective promotion)
23284;DOORMAT KEEP CALM AND COME IN;-2,481;0,0859;Elastic (effective promotion)
23300;GARDENERS KNEELING PAD CUP OF TEA;-0,518;0,7896;Inelastic (risky promotion)
23301;GARDENERS KNEELING PAD KEEP CALM;-0,672;0,6655;Inelastic (risky promotion)
23302;KNEELING MAT HOUSEWORK  DESIGN;-0,986;0,4261;Inelastic (risky promotion)
23321;SMALL WHITE HEART OF WICKER;0,109;0,9320;Atypical (positive elasticity)
23322;LARGE WHITE HEART OF WICKER;-4,080;0,1300;Elastic (effective promotion)
23343;JUMBO BAG VINTAGE CHRISTMAS;-1,129;0,3298;Elastic (effective promotion)
23344;JUMBO BAG 50'S CHRISTMAS;-0,867;0,5813;Inelastic (risky promotion)
23355;HOT WATER BOTTLE KEEP CALM;-3,811;0,0392;Elastic (effective promotion)
23357;HOT WATER BOTTLE SEX BOMB;-1,950;0,1343;Elastic (effective promotion)
23358;HOT STUFF HOT WATER BOTTLE;-1,902;0,1175;Elastic (effective promotion)
23365;SET 12 COLOUR PENCILS LOVE LONDON;2,030;0,5809;Atypical (positive elasticity)
23400;SHELF WITH 4 HOOKS HOME SWEET HOME;-1,826;0,2308;Elastic (effective promotion)
23403;LETTER HOLDER HOME SWEET HOME;-0,282;0,8743;Inelastic (risky promotion)
23426;METAL SIGN DROP YOUR PANTS;-0,057;0,9726;Inelastic (risky promotion)
23493;VINTAGE DOILY TRAVEL SEWING KIT;-2,136;0,1507;Elastic (effective promotion)
23503;PLAYING CARDS KEEP CALM & CARRY ON;-2,655;0,2704;Elastic (effective promotion)
23525;WALL ART BUFFALO BILL;-2,417;0,0709;Elastic (effective promotion)
23526;WALL ART DOG LICENCE;-0,809;0,1754;Inelastic (risky promotion)
23530;WALL ART ONLY ONE PERSON;-3,426;0,0624;Elastic (effective promotion)
23531;WALL ART BIG LOVE;-2,546;0,0427;Elastic (effective promotion)
23532;WALL ART WORK REST AND PLAY;-0,729;0,5756;Inelastic (risky promotion)
23533;WALL ART GARDEN HAVEN;-0,732;0,4764;Inelastic (risky promotion)
23534;WALL ART STOP FOR TEA;-1,082;0,3109;Elastic (effective promotion)
23535;WALL ART BICYCLE SAFETY;-0,359;0,6654;Inelastic (risky promotion)
23536;WALL ART VILLAGE SHOW;-3,350;0,0395;Elastic (effective promotion)
23538;WALL ART VINTAGE HEART;-3,578;0,0191;Elastic (effective promotion)
23539;WALL ART LOVES' SECRET;-2,118;0,3795;Elastic (effective promotion)
23540;WALL ART THE MAGIC FOREST;0,731;0,6637;Atypical (positive elasticity)
23541;WALL ART CLASSIC PUDDINGS;-3,345;0,0697;Elastic (effective promotion)
23543;WALL ART KEEP CALM;-3,085;0,0145;Elastic (effective promotion)
23581;JUMBO BAG PAISLEY PARK;-1,036;0,6011;Elastic (effective promotion)
23582;VINTAGE DOILY JUMBO BAG RED;-1,822;0,4055;Elastic (effective promotion)
35004B;SET OF 3 BLACK FLYING DUCKS;-3,350;0,2068;Elastic (effective promotion)
35241;ENAMEL BLUE RIM BISCUIT BIN;-1,691;0,3401;Elastic (effective promotion)
35471D;SET OF 3 BIRD LIGHT PINK FEATHER;-1,628;0,1865;Elastic (effective promotion)
35646;VINTAGE BEAD PINK EVENING BAG;-3,261;0,0008;Elastic (effective promotion)
35648;VINTAGE BEAD PINK PURSE;-2,704;0,0066;Elastic (effective promotion)
35651;VINTAGE BEAD PINK SCARF;-2,463;0,0108;Elastic (effective promotion)
35809A;ENAMEL PINK TEA CONTAINER;-2,539;0,0425;Elastic (effective promotion)
35810A;ENAMEL PINK COFFEE CONTAINER;-3,239;0,0188;Elastic (effective promotion)
35810B;ENAMEL BLUE RIM COFFEE CONTAINER;-2,740;0,0654;Elastic (effective promotion)
35923;CANDY HEART HANGING DECORATION;-2,906;0,0040;Elastic (effective promotion)
35924;HANGING FAIRY CAKE DECORATION;-3,017;0,0610;Elastic (effective promotion)
35954;SMALL FOLKART STAR CHRISTMAS DEC;-1,821;0,0077;Elastic (effective promotion)
35964;FOLKART CLIP ON STARS;-3,106;0,0080;Elastic (effective promotion)
35965;FOLKART HEART NAPKIN RINGS;-0,430;0,4846;Inelastic (risky promotion)
35967;FOLK ART METAL STAR T-LIGHT HOLDER;-1,351;0,2282;Elastic (effective promotion)
35970;ZINC FOLKART SLEIGH BELLS;-0,815;0,7134;Inelastic (risky promotion)
37327;ASSTD MULTICOLOUR CIRCLES MUG;-1,587;0,0047;Elastic (effective promotion)
37340;MULTICOLOUR SPRING FLOWER MUG;-1,079;0,1286;Elastic (effective promotion)
37342;POLKADOT COFFEE CUP & SAUCER PINK;-2,318;0,0341;Elastic (effective promotion)
37370;RETRO COFFEE MUGS ASSORTED;-1,025;0,2461;Elastic (effective promotion)
37467;PIG MUG IN TWO COLOUR DESIGNS;-1,706;0,0328;Elastic (effective promotion)
37475;SET/4 COLOURFUL MIXING BOWLS;-3,531;0,0183;Elastic (effective promotion)
37476;CONDIMENT TRAY 4 BOWLS AND 4 SPOONS;-1,296;0,0762;Elastic (effective promotion)
37479P;CUBIC MUG FLOCK PINK ON BROWN;-1,119;0,0265;Elastic (effective promotion)
37482P;CUBIC MUG PINK POLKADOT;-1,377;0,0063;Elastic (effective promotion)
37500;TEA TIME TEAPOT IN GIFT BOX;-3,552;0,0031;Elastic (effective promotion)
44234;ASSORTED CIRCULAR MOBILE;-2,473;0,0047;Elastic (effective promotion)
46118;FUNKY MONKEY CUSHION COVER;-2,262;0,0047;Elastic (effective promotion)
47021G;SET/6 BEAD COASTERS GAUZE BAG GOLD;-1,826;0,0334;Elastic (effective promotion)
47310M;SMALL POP BOX,FUNKY MONKEY;-4,671;0,0001;Elastic (effective promotion)
47504H;ENGLISH ROSE SPIRIT LEVEL;-1,912;0,1277;Elastic (effective promotion)
47504K;ENGLISH ROSE GARDEN SECATEURS;-2,597;0,0003;Elastic (effective promotion)
47563A;RETRO LONGBOARD IRONING BOARD COVER;-2,907;0,0478;Elastic (effective promotion)
47566;PARTY BUNTING;-3,507;0,0116;Elastic (effective promotion)
47566B;TEA TIME PARTY BUNTING;-3,434;0,0704;Elastic (effective promotion)
47567B;TEA TIME KITCHEN APRON;-3,147;0,1819;Elastic (effective promotion)
47580;TEA TIME DES TEA COSY;-1,731;0,1759;Elastic (effective promotion)
47585A;PINK FAIRY CAKE CUSHION COVER;-3,460;0,0405;Elastic (effective promotion)
48111;DOORMAT 3 SMILEY CATS;-2,631;0,0044;Elastic (effective promotion)
48116;DOORMAT MULTICOLOUR STRIPE;-3,115;0,0072;Elastic (effective promotion)
48129;DOORMAT TOPIARY;-3,898;0,0141;Elastic (effective promotion)
48138;DOORMAT UNION FLAG;-4,160;0,0000;Elastic (effective promotion)
48173C;DOORMAT BLACK FLOCK;-4,923;0,0000;Elastic (effective promotion)
48184;DOORMAT ENGLISH ROSE;-3,272;0,0014;Elastic (effective promotion)
48185;DOORMAT FAIRY CAKE;-3,225;0,0004;Elastic (effective promotion)
48187;DOORMAT NEW ENGLAND;-5,249;0,0001;Elastic (effective promotion)
48188;DOORMAT WELCOME PUPPIES;-4,338;0,0001;Elastic (effective promotion)
48194;DOORMAT HEARTS;-2,950;0,0033;Elastic (effective promotion)
51014A;FEATHER PEN,HOT PINK;-0,460;0,7835;Inelastic (risky promotion)
51014C;FEATHER PEN,COAL BLACK;-3,556;0,0110;Elastic (effective promotion)
51014L;FEATHER PEN,LIGHT PINK;-1,124;0,4972;Elastic (effective promotion)
70006;LOVE HEART POCKET WARMER;-1,954;0,0260;Elastic (effective promotion)
70007;HI TEC ALPINE HAND WARMER;-1,184;0,1351;Elastic (effective promotion)
71477;COLOUR GLASS. STAR T-LIGHT HOLDER;-4,438;0,0037;Elastic (effective promotion)
72800E;4 IVORY DINNER CANDLES SILVER FLOCK;-0,411;0,5862;Inelastic (risky promotion)
72802B;OCEAN SCENT CANDLE IN JEWELLED BOX;-1,736;0,0355;Elastic (effective promotion)
72802C;VANILLA SCENT CANDLE JEWELLED BOX;-1,322;0,0272;Elastic (effective promotion)
72816;SET/3 CHRISTMAS DECOUPAGE CANDLES;-2,112;0,0725;Elastic (effective promotion)
72817;SET OF 2 CHRISTMAS DECOUPAGE CANDLE;-4,005;0,0084;Elastic (effective promotion)
72818;CHRISTMAS DECOUPAGE CANDLE;-3,329;0,0475;Elastic (effective promotion)
72819;CUPID DESIGN SCENTED CANDLES;-1,857;0,1215;Elastic (effective promotion)
75131;METAL TUBE CHIME ON BAMBOO;-4,759;0,0003;Elastic (effective promotion)
79321;CHILLI LIGHTS;-2,803;0,0213;Elastic (effective promotion)
82482;WOODEN PICTURE FRAME WHITE FINISH;-1,888;0,2726;Elastic (effective promotion)
82483;WOOD 2 DRAWER CABINET WHITE FINISH;-3,944;0,0861;Elastic (effective promotion)
82484;WOOD BLACK BOARD ANT WHITE FINISH;-2,800;0,0049;Elastic (effective promotion)
82486;WOOD S/3 CABINET ANT WHITE FINISH;-5,075;0,0087;Elastic (effective promotion)
82494L;WOODEN FRAME ANTIQUE WHITE;-3,618;0,1819;Elastic (effective promotion)
82551;LAUNDRY 15C METAL SIGN;-4,560;0,1203;Elastic (effective promotion)
82552;WASHROOM METAL SIGN;-5,780;0,1718;Elastic (effective promotion)
82567;AIRLINE LOUNGE,METAL SIGN;-2,989;0,2054;Elastic (effective promotion)
82578;KITCHEN METAL SIGN;-2,583;0,1120;Elastic (effective promotion)
82580;BATHROOM METAL SIGN;-2,855;0,0571;Elastic (effective promotion)
82581;TOILET METAL SIGN;-3,599;0,0332;Elastic (effective promotion)
82582;AREA PATROLLED METAL SIGN;-3,832;0,1394;Elastic (effective promotion)
82583;HOT BATHS METAL SIGN;-2,406;0,0278;Elastic (effective promotion)
82600;N0 SINGING METAL SIGN;-3,355;0,0148;Elastic (effective promotion)
82600;NO SINGING METAL SIGN;-1,638;0,5452;Elastic (effective promotion)
82613B;METAL SIGN,CUPCAKE SINGLE HOOK;-1,347;0,0319;Elastic (effective promotion)
82613C;METAL SIGN,CUPCAKE SINGLE HOOK;-1,517;0,0186;Elastic (effective promotion)
82613D;METAL SIGN CUPCAKE SINGLE HOOK;-1,545;0,0026;Elastic (effective promotion)
84012;MAGIC SHEEP WOOL GROWING FROM PAPER;-3,554;0,0101;Elastic (effective promotion)
84029E;RED WOOLLY HOTTIE WHITE HEART.;-2,250;0,0371;Elastic (effective promotion)
84029G;KNITTED UNION FLAG HOT WATER BOTTLE;-2,196;0,1237;Elastic (effective promotion)
84030e;ENGLISH ROSE HOT WATER BOTTLE;-2,074;0,3333;Elastic (effective promotion)
84031A;CHARLIE+LOLA RED HOT WATER BOTTLE;-0,647;0,2606;Inelastic (risky promotion)
84031B;CHARLIE LOLA BLUE HOT WATER BOTTLE;-0,838;0,3069;Inelastic (risky promotion)
84032A;CHARLIE+LOLA PINK HOT WATER BOTTLE;0,059;0,9288;Atypical (positive elasticity)
84032B;CHARLIE + LOLA RED HOT WATER BOTTLE;-1,153;0,1201;Elastic (effective promotion)
84050;PINK HEART SHAPE EGG FRYING PAN;-2,001;0,3118;Elastic (effective promotion)
84077;WORLD WAR 2 GLIDERS ASSTD DESIGNS;-4,219;0,1136;Elastic (effective promotion)
84078A;SET/4 WHITE RETRO STORAGE CUBES;-5,118;0,0549;Elastic (effective promotion)
84086C;PINK/PURPLE RETRO RADIO;-4,244;0,1286;Elastic (effective promotion)
84251B;GREETING CARD, STICKY GORDON;-2,513;0,0090;Elastic (effective promotion)
84251G;GREETING CARD, OVERCROWDED POOL.;-3,089;0,0236;Elastic (effective promotion)
84313B;BLUE TV TRAY TABLE;-1,188;0,0350;Elastic (effective promotion)
84313C;ORANGE TV TRAY TABLE;-2,579;0,0549;Elastic (effective promotion)
84347;ROTATING SILVER ANGELS T-LIGHT HLDR;-1,628;0,0217;Elastic (effective promotion)
84356;POMPOM CURTAIN;-1,592;0,0450;Elastic (effective promotion)
84375;SET OF 20 KIDS COOKIE CUTTERS;-2,088;0,3922;Elastic (effective promotion)
84378;SET OF 3 HEART COOKIE CUTTERS;-3,177;0,0471;Elastic (effective promotion)
84380;SET OF 3 BUTTERFLY COOKIE CUTTERS;-2,762;0,0211;Elastic (effective promotion)
84406B;CREAM CUPID HEARTS COAT HANGER;-3,585;0,0774;Elastic (effective promotion)
84509A;SET OF 4 ENGLISH ROSE PLACEMATS;-2,024;0,1077;Elastic (effective promotion)
84509B;SET OF 4 FAIRY CAKE PLACEMATS;-3,739;0,0717;Elastic (effective promotion)
84509C;SET OF 4 POLKADOT PLACEMATS;-1,832;0,1561;Elastic (effective promotion)
84509E;SET OF 4 CAROUSEL PLACEMATS;-1,271;0,0159;Elastic (effective promotion)
84509G;SET OF 4 FAIRY CAKE PLACEMATS;-2,621;0,1534;Elastic (effective promotion)
84519A;TOMATO CHARLIE+LOLA COASTER SET;-2,939;0,0377;Elastic (effective promotion)
84519B;CARROT CHARLIE+LOLA COASTER SET;-2,228;0,0967;Elastic (effective promotion)
84559A;3D SHEET OF DOG STICKERS;-2,882;0,1371;Elastic (effective promotion)
84563A;PINK & WHITE BREAKFAST TRAY;-1,964;0,0080;Elastic (effective promotion)
84563B;BLUE & WHITE BREAKFAST TRAY;-1,681;0,2308;Elastic (effective promotion)
84569A;PACK 3 IRON ON DOG PATCHES;-1,945;0,2653;Elastic (effective promotion)
84569D;PACK 6 HEART/ICE-CREAM PATCHES;-2,229;0,2299;Elastic (effective promotion)
84596B;SMALL DOLLY MIX DESIGN ORANGE BOWL;-3,583;0,0002;Elastic (effective promotion)
84596E;SMALL LICORICE DES PINK BOWL;-2,555;0,0012;Elastic (effective promotion)
84596F;SMALL MARSHMALLOWS PINK BOWL;-3,579;0,0001;Elastic (effective promotion)
84596G;SMALL CHOCOLATES PINK BOWL;-3,990;0,0002;Elastic (effective promotion)
84596J;MIXED NUTS LIGHT GREEN BOWL;-2,895;0,0002;Elastic (effective promotion)
84596L;BISCUITS SMALL BOWL LIGHT BLUE;-3,776;0,0001;Elastic (effective promotion)
84659A;WHITE TRAVEL ALARM CLOCK;5,036;0,0043;Atypical (positive elasticity)
84660A;WHITE STITCHED WALL CLOCK;-2,847;0,0098;Elastic (effective promotion)
84660B;BLACK STITCHED WALL CLOCK;-2,667;0,0027;Elastic (effective promotion)
84660C;PINK STITCHED WALL CLOCK;-2,477;0,0031;Elastic (effective promotion)
84661A;WHITE SQUARE TABLE CLOCK;-1,457;0,2239;Elastic (effective promotion)
84661B;BLACK SQUARE TABLE CLOCK;-0,767;0,5545;Inelastic (risky promotion)
84661C;PINK SQUARE TABLE CLOCK;-1,425;0,1931;Elastic (effective promotion)
84663A;GRASS HOPPER WOODEN WALL CLOCK;-1,761;0,0166;Elastic (effective promotion)
84673B;BLUE FLY SWAT;-1,959;0,2182;Elastic (effective promotion)
84692;BOX OF 24 COCKTAIL PARASOLS;-2,005;0,0536;Elastic (effective promotion)
84707A;SILVER JEWELLED MIRROR TRINKET TRAY;-0,352;0,3732;Inelastic (risky promotion)
84707B;PINK JEWELLED MIRROR TRINKET TRAY;-0,912;0,2662;Inelastic (risky promotion)
84748;FOLK FELT HANGING MULTICOL GARLAND;-3,200;0,0180;Elastic (effective promotion)
84792;ENCHANTED BIRD COATHANGER 5 HOOK;-2,513;0,3674;Elastic (effective promotion)
84813;SET OF 4 DIAMOND NAPKIN RINGS;-0,982;0,1928;Inelastic (risky promotion)
84832;ZINC WILLIE WINKIE  CANDLE STICK;-2,591;0,1093;Elastic (effective promotion)
84877B;GREEN ROUND COMPACT MIRROR;-2,901;0,0259;Elastic (effective promotion)
84879;ASSORTED COLOUR BIRD ORNAMENT;-3,028;0,3826;Elastic (effective promotion)
84880;WHITE WIRE EGG HOLDER;-3,030;0,0254;Elastic (effective promotion)
84884A;ANT WHITE WIRE HEART SPIRAL;-0,782;0,5991;Inelastic (risky promotion)
84915;HAND TOWEL PINK FLOWER AND DAISY;-2,094;0,0050;Elastic (effective promotion)
84916;HAND TOWEL PALE BLUE W FLOWERS;-1,911;0,1200;Elastic (effective promotion)
84917;WHITE HAND TOWEL WITH BUTTERFLY;-1,901;0,0884;Elastic (effective promotion)
84926D;LA PALMIERA TILE COASTER;-2,407;0,0107;Elastic (effective promotion)
84931A;PINK SCOTTIE DOG W FLOWER PATTERN;-1,867;0,1731;Elastic (effective promotion)
84945;MULTI COLOUR SILVER T-LIGHT HOLDER;-1,883;0,6242;Elastic (effective promotion)
84950;ASSORTED COLOUR T-LIGHT HOLDER;-3,932;0,1881;Elastic (effective promotion)
84951A;SET OF 4 PISTACHIO LOVEBIRD COASTER;-2,061;0,0057;Elastic (effective promotion)
84951B;SET OF 4 BLACK LOVEBIRD COASTERS;-2,013;0,0004;Elastic (effective promotion)
84952A;CLEAR LOVE BIRD T-LIGHT HOLDER;-1,516;0,1319;Elastic (effective promotion)
84952B;BLACK LOVE BIRD T-LIGHT HOLDER;-1,292;0,1275;Elastic (effective promotion)
84968A;SET OF 16 VINTAGE ROSE CUTLERY;-1,899;0,0730;Elastic (effective promotion)
84968C;SET OF 16 VINTAGE PISTACHIO CUTLERY;-2,006;0,0654;Elastic (effective promotion)
84968D;SET OF 16 VINTAGE RED CUTLERY;-2,980;0,0375;Elastic (effective promotion)
84968E;SET OF 16 VINTAGE BLACK CUTLERY;-2,167;0,0895;Elastic (effective promotion)
84968F;SET OF 16 VINTAGE SKY BLUE CUTLERY;-2,357;0,0107;Elastic (effective promotion)
84969;BOX OF 6 ASSORTED COLOUR TEASPOONS;-1,247;0,4624;Elastic (effective promotion)
84970L;SINGLE HEART ZINC T-LIGHT HOLDER;-2,330;0,1767;Elastic (effective promotion)
84970S;HANGING HEART ZINC T-LIGHT HOLDER;-2,793;0,0694;Elastic (effective promotion)
84971S;SMALL HEART FLOWERS HOOK;-0,556;0,7299;Inelastic (risky promotion)
84978;HANGING HEART JAR T-LIGHT HOLDER;-3,632;0,1401;Elastic (effective promotion)
84987;SET OF 36 TEATIME PAPER DOILIES;-4,254;0,0114;Elastic (effective promotion)
84988;SET OF 72 PINK HEART PAPER DOILIES;-4,647;0,0567;Elastic (effective promotion)
84991;60 TEATIME FAIRY CAKE CASES;-3,628;0,0085;Elastic (effective promotion)
84992;72 SWEETHEART FAIRY CAKE CASES;-3,941;0,0027;Elastic (effective promotion)
84997A;GREEN 3 PIECE POLKADOT CUTLERY SET;-6,550;0,0005;Elastic (effective promotion)
84997B;CHILDRENS CUTLERY RETROSPOT RED;-5,135;0,0838;Elastic (effective promotion)
84997B;RED 3 PIECE RETROSPOT CUTLERY SET;-6,553;0,0008;Elastic (effective promotion)
84997D;PINK 3 PIECE POLKADOT CUTLERY SET;-6,613;0,0008;Elastic (effective promotion)
85032A;ROMANTIC IMAGES GIFT WRAP SET;-3,092;0,0286;Elastic (effective promotion)
85032B;BLOSSOM IMAGES GIFT WRAP SET;-3,310;0,0204;Elastic (effective promotion)
85034B;3 WHITE CHOC MORRIS BOXED CANDLES;-2,602;0,0291;Elastic (effective promotion)
85034C;3 ROSE MORRIS BOXED CANDLES;-2,503;0,0131;Elastic (effective promotion)
85035B;CHOCOLATE 3 WICK MORRIS BOX CANDLE;-2,806;0,0056;Elastic (effective promotion)
85035C;ROSE 3 WICK MORRIS BOX CANDLE;-2,808;0,0102;Elastic (effective promotion)
85036B;CHOCOLATE 1 WICK MORRIS BOX CANDLE;-1,198;0,1875;Elastic (effective promotion)
85036C;ROSE 1 WICK MORRIS BOXED CANDLE;-1,456;0,0246;Elastic (effective promotion)
85038;6 CHOCOLATE LOVE HEART T-LIGHTS;-2,805;0,0737;Elastic (effective promotion)
85039A;SET/4 RED MINI ROSE CANDLE IN BOWL;0,257;0,6184;Atypical (positive elasticity)
85039B;S/4 IVORY MINI ROSE CANDLE IN BOWL;0,761;0,4645;Atypical (positive elasticity)
85048;15CM CHRISTMAS GLASS BALL 20 LIGHTS;-1,582;0,6825;Elastic (effective promotion)
85049H;URBAN BLACK RIBBONS;-3,851;0,0417;Elastic (effective promotion)
85054;FRENCH ENAMEL POT W LID;-2,189;0,1860;Elastic (effective promotion)
85059;FRENCH ENAMEL WATER BASIN;-1,934;0,1229;Elastic (effective promotion)
85066;CREAM SWEETHEART MINI CHEST;-1,466;0,3674;Elastic (effective promotion)
85071A;BLUE CHARLIE+LOLA PERSONAL DOORSIGN;-1,485;0,0931;Elastic (effective promotion)
85071B;RED CHARLIE+LOLA PERSONAL DOORSIGN;-1,479;0,0826;Elastic (effective promotion)
85071C;"CHARLIE+LOLA""EXTREMELY BUSY"" SIGN";-1,498;0,0394;Elastic (effective promotion)
85071D;CHARLIE+LOLA MY ROOM DOOR SIGN;-1,638;0,1090;Elastic (effective promotion)
85087;CANDY SPOT CUSHION COVER;-3,767;0,0310;Elastic (effective promotion)
85088;CANDY SPOT HAND BAG;-2,484;0,1374;Elastic (effective promotion)
85093;CANDY SPOT EGG WARMER HARE;-2,311;0,0284;Elastic (effective promotion)
85094;CANDY SPOT EGG WARMER RABBIT;-2,442;0,0066;Elastic (effective promotion)
85095;THREE CANVAS LUGGAGE TAGS;-0,576;0,2779;Inelastic (risky promotion)
85099B;JUMBO BAG RED RETROSPOT;-2,529;0,0935;Elastic (effective promotion)
85099C;JUMBO  BAG BAROQUE BLACK WHITE;-1,458;0,3217;Elastic (effective promotion)
85099F;JUMBO BAG STRAWBERRY;-3,170;0,0095;Elastic (effective promotion)
85103;SILVER T-LIGHT SETTING;-1,267;0,4775;Elastic (effective promotion)
85106;CUT GLASS HEXAGON T-LIGHT HOLDER;-3,450;0,0366;Elastic (effective promotion)
85116;BLACK CANDELABRA T-LIGHT HOLDER;-1,323;0,1456;Elastic (effective promotion)
85123A;WHITE HANGING HEART T-LIGHT HOLDER;-4,048;0,0149;Elastic (effective promotion)
85125;SMALL ROUND CUT GLASS CANDLESTICK;-1,171;0,3151;Elastic (effective promotion)
85127;SMALL SQUARE CUT GLASS CANDLESTICK;-0,583;0,6647;Inelastic (risky promotion)
85130B;BEADED CRYSTAL HEART GREEN LARGE;-3,515;0,0391;Elastic (effective promotion)
85131A;BEADED PEARL HEART WHITE ON STICK;-0,228;0,9016;Inelastic (risky promotion)
85132A;CHARLIE + LOLA BISCUITS TINS;-2,209;0,0010;Elastic (effective promotion)
85132B;CHARLIE AND LOLA TABLE TINS;-3,263;0,0215;Elastic (effective promotion)
85132C;CHARLIE AND LOLA FIGURES TINS;-3,113;0,0015;Elastic (effective promotion)
85150;LADIES & GENTLEMEN METAL SIGN;-4,605;0,0680;Elastic (effective promotion)
85152;HAND OVER THE CHOCOLATE   SIGN;-2,810;0,0056;Elastic (effective promotion)
85161;ACRYLIC GEOMETRIC LAMP;-2,015;0,0160;Elastic (effective promotion)
85163A;WHITE BAROQUE WALL CLOCK;-1,215;0,0205;Elastic (effective promotion)
85163B;BLACK BAROQUE WALL CLOCK;-1,301;0,0370;Elastic (effective promotion)
85169A;IVORY LOVE BIRD CANDLE;-1,554;0,0692;Elastic (effective promotion)
85169B;BLACK LOVE BIRD CANDLE;-1,067;0,1890;Elastic (effective promotion)
85169C;EAU DE NIL LOVE BIRD CANDLE;-1,472;0,2159;Elastic (effective promotion)
85169D;PINK LOVE BIRD CANDLE;-1,747;0,0929;Elastic (effective promotion)
85170B;SET/6 BLACK BIRD T-LIGHT CANDLES;-2,087;0,0366;Elastic (effective promotion)
85170C;SET/6 EAU DE NIL BIRD T-LIGHTS;-1,726;0,0399;Elastic (effective promotion)
85170D;SET/6 PINK BIRD T-LIGHT CANDLES;-1,594;0,0298;Elastic (effective promotion)
85173;SET/6 FROG PRINCE T-LIGHT CANDLES;-1,287;0,0688;Elastic (effective promotion)
85174;S/4 CACTI CANDLES;-0,832;0,3257;Inelastic (risky promotion)
85175;CACTI T-LIGHT CANDLES;-1,726;0,0043;Elastic (effective promotion)
85177;BASKET OF FLOWERS SEWING KIT;-3,484;0,1255;Elastic (effective promotion)
85178;VICTORIAN SEWING KIT;-2,445;0,3861;Elastic (effective promotion)
85179A;GREEN BITTY LIGHT CHAIN;-1,952;0,0106;Elastic (effective promotion)
85179C;PINK BITTY LIGHT CHAIN;-1,938;0,0240;Elastic (effective promotion)
85180A;RED HEARTS LIGHT CHAIN;-1,659;0,0256;Elastic (effective promotion)
85180B;PINK HEARTS LIGHT CHAIN;-2,285;0,0071;Elastic (effective promotion)
85183A;CHARLIE & LOLA WASTEPAPER BIN BLUE;-2,256;0,0358;Elastic (effective promotion)
85183B;CHARLIE & LOLA WASTEPAPER BIN FLORA;-1,842;0,0636;Elastic (effective promotion)
85184C;S/4 VALENTINE DECOUPAGE HEART BOX;-3,333;0,0044;Elastic (effective promotion)
85203;HANGING WOOD AND FELT BUTTERFLY;-1,868;0,4704;Elastic (effective promotion)
85204;HANGING WOOD AND FELT FLOWER;-3,290;0,0700;Elastic (effective promotion)
85208;SET/12 FUNKY FELT FLOWER PEG IN BAG;-3,846;0,0231;Elastic (effective promotion)
85211;S/4 GROOVY CAT MAGNETS;-2,242;0,0189;Elastic (effective promotion)
85212;MINI PAINTED GARDEN DECORATION;-2,445;0,0179;Elastic (effective promotion)
90125A;PINK BERTIE GLASS BEAD BAG CHARM;-2,901;0,0715;Elastic (effective promotion)
90125B;AQUA BERTIE GLASS BEAD BAG CHARM;-1,571;0,0058;Elastic (effective promotion)
90125D;PURPLE BERTIE GLASS BEAD BAG CHARM;-2,090;0,0134;Elastic (effective promotion)
90210C;RED   ACRYLIC FACETED BANGLE;-2,824;0,0482;Elastic (effective promotion)
C2;CARRIAGE;0,314;0,8196;Atypical (positive elasticity)
DOT;DOTCOM POSTAGE;-0,017;0,0006;Inelastic (risky promotion)
M;Manual;-0,412;0,0000;Inelastic (risky promotion)
POST;POSTAGE;0,009;0,9411;Atypical (positive elasticity)
